OBJECTID,safield002,safield003,sauid,saangle,sasize,sasymbolno,safield000,x,y,objectid_1,x1,y1
1,代田4-9-16,,,,,,,139.6595278,35.66090806,1,139.6595278,35.66090806
2,豪徳寺2-15-7,,,,,,,139.6470855,35.64553402,2,139.6470855,35.64553402
3,豪徳寺1-52-3,,,,,,,139.6474165,35.65595532,3,139.6474165,35.65595532
4,桜上水5-5-11,,,,,,,139.6282268,35.66539859,4,139.6282268,35.66539859
5,桜上水5-40-5,,,,,,,139.6283975,35.66594052,5,139.6283975,35.66594052
6,桜上水5-24-1,,,,,,,139.6320759,35.66705577,6,139.6320759,35.66705577
7,桜上水3-5-6,,,,,,,139.6340478,35.65951357,7,139.6340478,35.65951357
8,赤堤1-26-1,,,,,,,139.6412113,35.65455107,8,139.6412113,35.65455107
9,豪徳寺2-21-7,,,,,,,139.6452276,35.64795033,9,139.6452276,35.64795033
10,赤堤5-22-11,,,,,,,139.6368218,35.66416948,10,139.6368218,35.66416948
11,松原3-22-2,,,,,,,139.6442335,35.66496041,11,139.6442335,35.66496041
12,松原3-25-3,,,,,,,139.6443772,35.66552795,12,139.6443772,35.66552795
13,松原3-15-18,,,,,,,139.6439844,35.66470465,13,139.6439844,35.66470465
14,松原4-1-16,,,,,,,139.6477648,35.66053295,14,139.6477648,35.66053295
15,松原2-32-3,,,,,,,139.6474109,35.66663497,15,139.6474109,35.66663497
16,松原2-15-8,,,,,,,139.6464682,35.66587689,16,139.6464682,35.66587689
17,松原2-16-2,,,,,,,139.6475629,35.66602876,17,139.6475629,35.66602876
18,松原3-23-4,,,,,,,139.6460244,35.66532159,18,139.6460244,35.66532159
19,松原2-11-10,,,,,,,139.6472119,35.66485463,19,139.6472119,35.66485463
20,松原2-11-2,,,,,,,139.6474735,35.66458408,20,139.6474735,35.66458408
21,松原3-19-14,,,,,,,139.6467182,35.66446123,21,139.6467182,35.66446123
22,松原3-27-5,,,,,,,139.6429954,35.66456455,22,139.6429954,35.66456455
23,松原3-4-14,,,,,,,139.6453484,35.66379082,23,139.6453484,35.66379082
24,松原3-4-5,,,,,,,139.6452776,35.66349217,24,139.6452776,35.66349217
25,松原3-2-10,,,,,,,139.6459714,35.66379909,25,139.6459714,35.66379909
26,松原3-8-17,,,,,,,139.6448469,35.66415779,26,139.6448469,35.66415779
27,松原3-6-8,,,,,,,139.6440231,35.66342287,27,139.6440231,35.66342287
28,松原4-34-22,,,,,,,139.6449868,35.66298623,28,139.6449868,35.66298623
29,松原4-33-2,,,,,,,139.6437091,35.6624909,29,139.6437091,35.6624909
30,松原3-11-4,,,,,,,139.6423007,35.66338653,30,139.6423007,35.66338653
31,赤堤4-37-4,,,,,,,139.641685,35.66399957,31,139.641685,35.66399957
32,赤堤4-25-10,,,,,,,139.6415942,35.66366781,32,139.6415942,35.66366781
33,赤堤4-26-8,,,,,,,139.6410772,35.66384438,33,139.6410772,35.66384438
34,赤堤4-27-4,,,,,,,139.6407148,35.66288221,34,139.6407148,35.66288221
35,赤堤4-21-1,,,,,,,139.6419066,35.66252428,35,139.6419066,35.66252428
36,赤堤4-20-10,,,,,,,139.6403111,35.66257988,36,139.6403111,35.66257988
37,赤堤4-19-13,,,,,,,139.6398933,35.66289928,37,139.6398933,35.66289928
38,赤堤5-12-18,,,,,,,139.6376676,35.6623043,38,139.6376676,35.6623043
39,赤堤5-20-1,,,,,,,139.6373908,35.66315168,39,139.6373908,35.66315168
40,赤堤5-23-1,,,,,,,139.6365108,35.66360697,40,139.6365108,35.66360697
41,赤堤4-17-9,,,,,,,139.6386599,35.66271522,41,139.6386599,35.66271522
42,赤堤4-17-4,,,,,,,139.638846,35.66237976,42,139.638846,35.66237976
43,赤堤4-19-4,,,,,,,139.6394411,35.66243804,43,139.6394411,35.66243804
44,赤堤5-28-5,,,,,,,139.6378742,35.66373105,44,139.6378742,35.66373105
45,赤堤5-25-11,,,,,,,139.6373203,35.66433903,45,139.6373203,35.66433903
46,赤堤5-28-20,,,,,,,139.6382759,35.66423927,46,139.6382759,35.66423927
47,赤堤4-43-10,,,,,,,139.6388038,35.66445789,47,139.6388038,35.66445789
48,赤堤4-34-8,,,,,,,139.6393079,35.6639141,48,139.6393079,35.6639141
49,赤堤4-43-3,,,,,,,139.6394481,35.66461776,49,139.6394481,35.66461776
50,赤堤4-44-22,,,,,,,139.6401663,35.66557355,50,139.6401663,35.66557355
51,赤堤5-31-18,,,,,,,139.6385067,35.66558079,51,139.6385067,35.66558079
52,赤堤5-42-1,,,,,,,139.6375868,35.66594932,52,139.6375868,35.66594932
53,桜上水4-11-9,,,,,,,139.6338883,35.66670085,53,139.6338883,35.66670085
54,桜上水4-5-2,,,,,,,139.63526,35.66628984,54,139.63526,35.66628984
55,桜上水4-5-2,,,,,,,139.6351448,35.66561226,55,139.6351448,35.66561226
56,赤堤5-38-10,,,,,,,139.6357675,35.66656478,56,139.6357675,35.66656478
57,桜上水4-8-5,,,,,,,139.6329066,35.66680333,57,139.6329066,35.66680333
58,赤堤5-41-6,,,,,,,139.6363573,35.6661256,58,139.6363573,35.6661256
59,桜上水4-7-7,,,,,,,139.6327132,35.66708982,59,139.6327132,35.66708982
60,桜上水5-14-7,,,,,,,139.6317352,35.66666464,60,139.6317352,35.66666464
61,桜上水4-18-23,,,,,,,139.6323191,35.6663111,61,139.6323191,35.6663111
62,桜上水5-38-21,,,,,,,139.6292479,35.66669893,62,139.6292479,35.66669893
63,桜上水5-38-15,,,,,,,139.6284342,35.66677507,63,139.6284342,35.66677507
64,桜上水5-38-8,,,,,,,139.6282129,35.66646886,64,139.6282129,35.66646886
65,桜上水5-17-8,,,,,,,139.6301157,35.66691466,65,139.6301157,35.66691466
66,桜上水5-16-3,,,,,,,139.6305258,35.66649901,66,139.6305258,35.66649901
67,桜上水5-39-6,,,,,,,139.6289147,35.66600107,67,139.6289147,35.66600107
68,桜上水5-39-14,,,,,,,139.6293087,35.66642646,68,139.6293087,35.66642646
69,桜上水5-6-14,,,,,,,139.6297888,35.66501834,69,139.6297888,35.66501834
70,桜上水5-8-1,,,,,,,139.630281,35.66526461,70,139.630281,35.66526461
71,桜上水5-8-10,,,,,,,139.6304905,35.66605781,71,139.6304905,35.66605781
72,桜上水5-4-18,,,,,,,139.6275419,35.66537516,72,139.6275419,35.66537516
73,桜上水5-2-18,,,,,,,139.6281299,35.66434094,73,139.6281299,35.66434094
74,桜上水5-1-13,,,,,,,139.6289514,35.66397421,74,139.6289514,35.66397421
75,桜上水5-2-4,,,,,,,139.6277606,35.66358487,75,139.6277606,35.66358487
76,桜上水5-1-5,,,,,,,139.628379,35.66341033,76,139.628379,35.66341033
77,桜上水4-24-4,,,,,,,139.6296458,35.66328341,77,139.6296458,35.66328341
78,桜上水3-21-15,,,,,,,139.6305233,35.66300429,78,139.6305233,35.66300429
79,桜上水3-21-11,,,,,,,139.6299359,35.66276723,79,139.6299359,35.66276723
80,桜上水3-19-12,,,,,,,139.6311864,35.66187112,80,139.6311864,35.66187112
81,桜上水2-21-20,,,,,,,139.6308076,35.66079253,81,139.6308076,35.66079253
82,桜上水2-21-6,,,,,,,139.6302397,35.66052477,82,139.6302397,35.66052477
83,桜上水3-18-8,,,,,,,139.6311052,35.66049882,83,139.6311052,35.66049882
84,桜上水3-15-10,,,,,,,139.6328321,35.66043077,84,139.6328321,35.66043077
85,桜上水3-17-8,,,,,,,139.632181,35.66026906,85,139.632181,35.66026906
86,桜上水3-4-11,,,,,,,139.633488,35.65957168,86,139.633488,35.65957168
87,桜上水3-4-1,,,,,,,139.6329188,35.65943778,87,139.6329188,35.65943778
88,桜上水3-5-15,,,,,,,139.6343474,35.65977654,88,139.6343474,35.65977654
89,桜上水3-5-5,,,,,,,139.633674,35.65956252,89,139.633674,35.65956252
90,桜上水3-5-5,,,,,,,139.6341595,35.65937972,90,139.6341595,35.65937972
91,桜上水3-5-5,,,,,,,139.6341453,35.65922944,91,139.6341453,35.65922944
92,桜上水3-5-7,,,,,,,139.6338605,35.65935209,92,139.6338605,35.65935209
93,赤堤3-35-10,,,,,,,139.6354145,35.6592236,93,139.6354145,35.6592236
94,桜上水3-2-2,,,,,,,139.6348646,35.65831699,94,139.6348646,35.65831699
95,赤堤3-31-15,,,,,,,139.6361417,35.65785146,95,139.6361417,35.65785146
96,赤堤3-27-10,,,,,,,139.6370731,35.65863654,96,139.6370731,35.65863654
97,桜上水3-1-17,,,,,,,139.6346679,35.6577388,97,139.6346679,35.6577388
98,赤堤3-16-4,,,,,,,139.6394994,35.65822404,98,139.6394994,35.65822404
99,赤堤3-15-1,,,,,,,139.6400612,35.65747644,99,139.6400612,35.65747644
100,赤堤3-9-11,,,,,,,139.6405998,35.65806076,100,139.6405998,35.65806076
101,赤堤3-12-10,,,,,,,139.6412718,35.65711584,101,139.6412718,35.65711584
102,赤堤3-8-12,,,,,,,139.6416076,35.65825932,102,139.6416076,35.65825932
103,赤堤3-2-2,,,,,,,139.6424703,35.65781559,103,139.6424703,35.65781559
104,赤堤3-12-16,,,,,,,139.642097,35.65764122,104,139.642097,35.65764122
105,赤堤1-23-17,,,,,,,139.6411071,35.65659747,105,139.6411071,35.65659747
106,赤堤1-22-22,,,,,,,139.6424265,35.6566395,106,139.6424265,35.6566395
107,赤堤1-33-19,,,,,,,139.6402829,35.65583747,107,139.6402829,35.65583747
108,赤堤1-20-18,,,,,,,139.6420916,35.65613438,108,139.6420916,35.65613438
109,赤堤1-14-17,,,,,,,139.6434529,35.6545987,109,139.6434529,35.6545987
110,赤堤1-16-1,,,,,,,139.6427117,35.6538146,110,139.6427117,35.6538146
111,赤堤1-16-16,,,,,,,139.6421931,35.65410771,111,139.6421931,35.65410771
112,赤堤1-15-21,,,,,,,139.6444208,35.65423291,112,139.6444208,35.65423291
113,赤堤1-3-6,,,,,,,139.6450505,35.65477698,113,139.6450505,35.65477698
114,赤堤1-3-16,,,,,,,139.6448081,35.65514454,114,139.6448081,35.65514454
115,赤堤1-1-8,,,,,,,139.6451461,35.65398446,115,139.6451461,35.65398446
116,赤堤1-1-21,,,,,,,139.6457012,35.65441861,116,139.6457012,35.65441861
117,赤堤1-1-2,,,,,,,139.6459338,35.65406546,117,139.6459338,35.65406546
118,豪徳寺1-24-8,,,,,,,139.6465738,35.65315949,118,139.6465738,35.65315949
119,豪徳寺1-44-2,,,,,,,139.6466888,35.65370869,119,139.6466888,35.65370869
120,豪徳寺1-45-2,,,,,,,139.6468217,35.65401843,120,139.6468217,35.65401843
121,豪徳寺1-45-8,,,,,,,139.6473502,35.65437836,121,139.6473502,35.65437836
122,豪徳寺1-25-3,,,,,,,139.6472031,35.65313982,122,139.6472031,35.65313982
123,豪徳寺1-20-1,,,,,,,139.6476623,35.65226268,123,139.6476623,35.65226268
124,豪徳寺2-15-23,,,,,,,139.6469409,35.64605497,124,139.6469409,35.64605497
125,豪徳寺2-17-20,,,,,,,139.6460727,35.64651612,125,139.6460727,35.64651612
126,豪徳寺2-20-9,,,,,,,139.6455423,35.6481576,126,139.6455423,35.6481576
127,豪徳寺1-5-16,,,,,,,139.6476123,35.65062814,127,139.6476123,35.65062814
128,豪徳寺1-4-2,,,,,,,139.6474312,35.65098877,128,139.6474312,35.65098877
129,豪徳寺2-31-6,,,,,,,139.6457085,35.65003849,129,139.6457085,35.65003849
130,豪徳寺2-31-1,,,,,,,139.6462036,35.64982599,130,139.6462036,35.64982599
131,豪徳寺2-22-15,,,,,,,139.645834,35.64970301,131,139.645834,35.64970301
132,豪徳寺1-6-3,,,,,,,139.6464479,35.65099789,132,139.6464479,35.65099789
133,豪徳寺1-8-9,,,,,,,139.646676,35.65161172,133,139.646676,35.65161172
134,豪徳寺1-9-6,,,,,,,139.6470145,35.65168832,134,139.6470145,35.65168832
135,豪徳寺1-9-11,,,,,,,139.6475569,35.65165806,135,139.6475569,35.65165806
136,豪徳寺1-18-12,,,,,,,139.6467549,35.65185386,136,139.6467549,35.65185386
137,豪徳寺1-51-2,,,,,,,139.6467774,35.65484564,137,139.6467774,35.65484564
138,豪徳寺1-51-13,,,,,,,139.6475155,35.65538175,138,139.6475155,35.65538175
139,豪徳寺1-53-6,,,,,,,139.6468998,35.65589657,139,139.6468998,35.65589657
140,豪徳寺1-53-2,,,,,,,139.6466586,35.65551248,140,139.6466586,35.65551248
141,豪徳寺1-50-12,,,,,,,139.6462199,35.65499107,141,139.6462199,35.65499107
142,赤堤1-8-2,,,,,,,139.6439035,35.65657513,142,139.6439035,35.65657513
143,赤堤2-9-10,,,,,,,139.6445155,35.65695043,143,139.6445155,35.65695043
144,赤堤2-8-6,,,,,,,139.6450402,35.65630993,144,139.6450402,35.65630993
145,赤堤2-8-12,,,,,,,139.6457045,35.65643175,145,139.6457045,35.65643175
146,赤堤2-13-2,,,,,,,139.6458039,35.65702537,146,139.6458039,35.65702537
147,豪徳寺1-55-23,,,,,,,139.6463407,35.65598475,147,139.6463407,35.65598475
148,豪徳寺1-55-23,,,,,,,139.6462877,35.65619929,148,139.6462877,35.65619929
149,赤堤2-5-14,,,,,,,139.6473027,35.65649246,149,139.6473027,35.65649246
150,赤堤2-21-4,,,,,,,139.6462431,35.65765287,150,139.6462431,35.65765287
151,赤堤2-15-10,,,,,,,139.6473718,35.65746659,151,139.6473718,35.65746659
152,赤堤2-34-3,,,,,,,139.6465803,35.65918897,152,139.6465803,35.65918897
153,赤堤2-28-17,,,,,,,139.6461454,35.65820553,153,139.6461454,35.65820553
154,赤堤2-31-9,,,,,,,139.6473613,35.65871651,154,139.6473613,35.65871651
155,赤堤2-36-7,,,,,,,139.6455666,35.65918929,155,139.6455666,35.65918929
156,赤堤2-47-11,,,,,,,139.6456369,35.65978529,156,139.6456369,35.65978529
157,赤堤2-27-16,,,,,,,139.6452509,35.65842975,157,139.6452509,35.65842975
158,赤堤2-27-6,,,,,,,139.6445695,35.65827112,158,139.6445695,35.65827112
159,赤堤2-44-10,,,,,,,139.6433712,35.65974911,159,139.6433712,35.65974911
160,赤堤2-40-16,,,,,,,139.6440089,35.65913024,160,139.6440089,35.65913024
161,赤堤2-42-8,,,,,,,139.6421913,35.659287,161,139.6421913,35.659287
162,赤堤2-25-2,,,,,,,139.6434138,35.6579586,162,139.6434138,35.6579586
163,松原4-10-2,,,,,,,139.643229,35.65995521,163,139.643229,35.65995521
164,松原4-11-7,,,,,,,139.6420725,35.66032177,164,139.6420725,35.66032177
165,松原4-11-18,,,,,,,139.6430463,35.66059246,165,139.6430463,35.66059246
166,松原4-9-9,,,,,,,139.6434021,35.66036669,166,139.6434021,35.66036669
167,松原4-19-18,,,,,,,139.6467723,35.66104402,167,139.6467723,35.66104402
168,松原4-21-15,,,,,,,139.6463118,35.66205122,168,139.6463118,35.66205122
169,松原4-21-9,,,,,,,139.6462334,35.66160619,169,139.6462334,35.66160619
170,松原4-36-23,,,,,,,139.6475978,35.66217652,170,139.6475978,35.66217652
171,松原4-37-10,,,,,,,139.6462546,35.6625934,171,139.6462546,35.6625934
172,松原4-17-17,,,,,,,139.6453861,35.6616384,172,139.6453861,35.6616384
173,桜上水1-25-8,,,,,,,139.6316261,35.65648065,173,139.6316261,35.65648065
174,桜上水1-23-3,,,,,,,139.6301927,35.65587495,174,139.6301927,35.65587495
175,桜上水1-23-3,,,,,,,139.6311051,35.65561653,175,139.6311051,35.65561653
176,桜上水1-28-9,,,,,,,139.6323152,35.65671264,176,139.6323152,35.65671264
177,桜上水1-8-4,,,,,,,139.6310619,35.65713879,177,139.6310619,35.65713879
178,桜上水1-5-5,,,,,,,139.6327925,35.65707507,178,139.6327925,35.65707507
179,桜上水1-3-2,,,,,,,139.6330252,35.65788345,179,139.6330252,35.65788345
180,桜上水1-20-2,,,,,,,139.629922,35.6563826,180,139.629922,35.6563826
181,桜上水1-18-16,,,,,,,139.6292866,35.65764777,181,139.6292866,35.65764777
182,桜上水1-17-8,,,,,,,139.6288501,35.65783398,182,139.6288501,35.65783398
183,桜上水2-3-4,,,,,,,139.6286988,35.65751698,183,139.6286988,35.65751698
184,桜上水2-4-1,,,,,,,139.6281223,35.65738377,184,139.6281223,35.65738377
185,桜上水2-7-23,,,,,,,139.627669,35.65786397,185,139.627669,35.65786397
186,桜上水2-6-9,,,,,,,139.6261637,35.65841438,186,139.6261637,35.65841438
187,桜上水2-8-22,,,,,,,139.6265423,35.6597112,187,139.6265423,35.6597112
188,桜上水2-8-28,,,,,,,139.6270917,35.65908317,188,139.6270917,35.65908317
189,桜上水2-9-25,,,,,,,139.6272742,35.66008455,189,139.6272742,35.66008455
190,桜上水1-14-1,,,,,,,139.6299025,35.65836252,190,139.6299025,35.65836252
191,桜上水2-11-24,,,,,,,139.6283047,35.65975667,191,139.6283047,35.65975667
192,桜上水2-16-3,,,,,,,139.6291406,35.65950805,192,139.6291406,35.65950805
193,桜上水1-14-15,,,,,,,139.6297676,35.65963927,193,139.6297676,35.65963927
194,桜上水2-15-21,,,,,,,139.6294991,35.6593328,194,139.6294991,35.6593328
195,桜上水2-13-20,,,,,,,139.629086,35.65843397,195,139.629086,35.65843397
196,桜上水1-11-5,,,,,,,139.6307552,35.6598606,196,139.6307552,35.6598606
197,桜上水1-10-18,,,,,,,139.6312148,35.65940221,197,139.6312148,35.65940221
198,桜上水1-9-20,,,,,,,139.632232,35.65829676,198,139.632232,35.65829676
199,赤堤5-8-4,,,,,,,139.6381041,35.66072138,199,139.6381041,35.66072138
200,赤堤5-6-10,,,,,,,139.6372941,35.66073818,200,139.6372941,35.66073818
201,赤堤5-5-2,,,,,,,139.6364719,35.66075604,201,139.6364719,35.66075604
202,桜上水3-7-2,,,,,,,139.6362403,35.6612415,202,139.6362403,35.6612415
203,赤堤5-36-18,,,,,,,139.6359033,35.66520618,203,139.6359033,35.66520618
204,赤堤5-34-1,,,,,,,139.6359073,35.66475857,204,139.6359073,35.66475857
205,赤堤5-2-1,,,,,,,139.6378744,35.65993429,205,139.6378744,35.65993429
206,赤堤5-14-2,,,,,,,139.6383811,35.6631175,206,139.6383811,35.6631175
207,赤堤5-1-14,,,,,,,139.6385453,35.66067234,207,139.6385453,35.66067234
208,赤堤4-9-1,,,,,,,139.6408728,35.66091603,208,139.6408728,35.66091603
209,赤堤4-8-18,,,,,,,139.6402582,35.66132571,209,139.6402582,35.66132571
210,赤堤4-7-11,,,,,,,139.6385593,35.66150965,210,139.6385593,35.66150965
211,赤堤4-16-19,,,,,,,139.6393889,35.66175337,211,139.6393889,35.66175337
212,赤堤4-6-7,,,,,,,139.63879,35.66027235,212,139.63879,35.66027235
213,赤堤4-5-11,,,,,,,139.6395532,35.66077609,213,139.6395532,35.66077609
214,赤堤4-47-13,,,,,,,139.6414099,35.66598549,214,139.6414099,35.66598549
215,赤堤4-31-11,,,,,,,139.6393392,35.66343885,215,139.6393392,35.66343885
216,赤堤4-2-17,,,,,,,139.6417876,35.66046752,216,139.6417876,35.66046752
217,赤堤4-12-13,,,,,,,139.6412088,35.66247729,217,139.6412088,35.66247729
218,赤堤4-12-17,,,,,,,139.6413878,35.66188321,218,139.6413878,35.66188321
219,赤堤3-4-3,,,,,,,139.6409012,35.65925728,219,139.6409012,35.65925728
220,赤堤3-37-10,,,,,,,139.6362882,35.6598532,220,139.6362882,35.6598532
221,赤堤3-30-10,,,,,,,139.6362931,35.65843859,221,139.6362931,35.65843859
222,赤堤3-24-16,,,,,,,139.6369985,35.65745364,222,139.6369985,35.65745364
223,赤堤3-20-15,,,,,,,139.6381964,35.65927384,223,139.6381964,35.65927384
224,赤堤3-18-3,,,,,,,139.6396945,35.65929771,224,139.6396945,35.65929771
225,赤堤3-1-5,,,,,,,139.6429268,35.65715119,225,139.6429268,35.65715119
226,赤堤2-50-11,,,,,,,139.6476444,35.66012768,226,139.6476444,35.66012768
227,赤堤2-22-6,,,,,,,139.6453274,35.6576418,227,139.6453274,35.6576418
228,赤堤1-9-1,,,,,,,139.6435734,35.65620847,228,139.6435734,35.65620847
229,赤堤1-8-16,,,,,,,139.6431955,35.65680792,229,139.6431955,35.65680792
230,赤堤1-41-24,,,,,,,139.6378227,35.65514936,230,139.6378227,35.65514936
231,赤堤1-38-12,,,,,,,139.6384689,35.65481798,231,139.6384689,35.65481798
232,赤堤1-35-6,,,,,,,139.6380066,35.65622598,232,139.6380066,35.65622598
233,赤堤1-34-7,,,,,,,139.6392303,35.65630566,233,139.6392303,35.65630566
234,赤堤1-32-5,,,,,,,139.6395732,35.65522231,234,139.6395732,35.65522231
235,赤堤1-30-16,,,,,,,139.6394886,35.65463989,235,139.6394886,35.65463989
236,赤堤1-29-3,,,,,,,139.6395641,35.65345146,236,139.6395641,35.65345146
237,赤堤1-28-19,,,,,,,139.6410977,35.65406126,237,139.6410977,35.65406126
238,赤堤1-25-18,,,,,,,139.6409565,35.65521975,238,139.6409565,35.65521975
239,赤堤1-19-2,,,,,,,139.6423914,35.65520139,239,139.6423914,35.65520139
240,赤堤1-17-13,,,,,,,139.6415314,35.65451174,240,139.6415314,35.65451174
241,赤堤1-16-9,,,,,,,139.6414806,35.65368807,241,139.6414806,35.65368807
242,赤堤1-11-18,,,,,,,139.6435621,35.65564582,242,139.6435621,35.65564582
243,松原4-27-17,,,,,,,139.6425833,35.66259287,243,139.6425833,35.66259287
244,松原4-26-14,,,,,,,139.642852,35.66175953,244,139.642852,35.66175953
245,松原4-25-6,,,,,,,139.6423713,35.66117954,245,139.6423713,35.66117954
246,松原4-18-9,,,,,,,139.6449258,35.66114733,246,139.6449258,35.66114733
247,松原4-14-12,,,,,,,139.6434815,35.66124412,247,139.6434815,35.66124412
248,松原3-31-8,,,,,,,139.6430164,35.66693718,248,139.6430164,35.66693718
249,松原3-24-3,,,,,,,139.6454374,35.66637826,249,139.6454374,35.66637826
250,松原3-24-11,,,,,,,139.6443261,35.66640554,250,139.6443261,35.66640554
251,松原3-22-4,,,,,,,139.644442,35.66517968,251,139.644442,35.66517968
252,松原3-22-10,,,,,,,139.6450325,35.66600572,252,139.6450325,35.66600572
253,松原3-21-17,,,,,,,139.6451045,35.66537072,253,139.6451045,35.66537072
254,桜上水5-5-36,,,,,,,139.6289502,35.66483214,254,139.6289502,35.66483214
255,桜上水4-21-6,,,,,,,139.6307332,35.66467011,255,139.6307332,35.66467011
256,桜上水4-20-9,,,,,,,139.6310844,35.66552899,256,139.6310844,35.66552899
257,桜上水4-10-1,,,,,,,139.6348656,35.66691564,257,139.6348656,35.66691564
258,桜上水3-8-19,,,,,,,139.6353742,35.66132941,258,139.6353742,35.66132941
259,桜上水3-8-5,,,,,,,139.6353401,35.66032775,259,139.6353401,35.66032775
260,桜上水3-13-4,,,,,,,139.6337999,35.66006254,260,139.6337999,35.66006254
261,桜上水3-13-20,,,,,,,139.6339599,35.66072487,261,139.6339599,35.66072487
262,桜上水3-12-12,,,,,,,139.6341794,35.6611021,262,139.6341794,35.6611021
263,桜上水3-10-10,,,,,,,139.634274,35.66143783,263,139.634274,35.66143783
264,桜上水2-22-5,,,,,,,139.6296568,35.66130987,264,139.6296568,35.66130987
265,桜上水2-19-8,,,,,,,139.6273625,35.66036511,265,139.6273625,35.66036511
266,桜上水2-19-4,,,,,,,139.6281135,35.66025003,266,139.6281135,35.66025003
267,桜上水2-17-14,,,,,,,139.6287569,35.66070145,267,139.6287569,35.66070145
268,桜上水1-10-14,,,,,,,139.6310211,35.65915518,268,139.6310211,35.65915518
269,桜上水1-10-2,,,,,,,139.631358,35.65795638,269,139.631358,35.65795638
270,桜上水1-9-16,,,,,,,139.6317772,35.65848727,270,139.6317772,35.65848727
271,豪徳寺2-18-13,,,,,,,139.6455208,35.64762206,271,139.6455208,35.64762206
272,豪徳寺1-7-12,,,,,,,139.6459047,35.65092628,272,139.6459047,35.65092628
273,代田3-27-11,,,,,,,139.6581262,35.65509669,273,139.6581262,35.65509669
274,北沢3-31-7,,,,,,,139.6664304,35.66490984,274,139.6664304,35.66490984
275,代沢5-35-11,,,,,,,139.6663293,35.65941177,275,139.6663293,35.65941177
276,松原5-6-6,,,,,,,139.655514,35.66150721,276,139.655514,35.66150721
277,松原5-45-11,,,,,,,139.6514181,35.6635409,277,139.6514181,35.6635409
278,羽根木1-17-8,,,,,,,139.6588545,35.66437883,278,139.6588545,35.66437883
279,北沢4-4-8,,,,,,,139.6708559,35.6671056,279,139.6708559,35.6671056
280,北沢4-11-6,,,,,,,139.6685409,35.66587857,280,139.6685409,35.66587857
281,豪徳寺1-1-12,,,,,,,139.649129,35.65117454,281,139.649129,35.65117454
282,北沢3-4-1,,,,,,,139.6726495,35.66694693,282,139.6726495,35.66694693
283,北沢3-3-10,,,,,,,139.6725482,35.66646744,283,139.6725482,35.66646744
284,北沢3-5-23,,,,,,,139.6721332,35.66646274,284,139.6721332,35.66646274
285,北沢4-5-14,,,,,,,139.6707491,35.66658996,285,139.6707491,35.66658996
286,北沢4-5-6,,,,,,,139.6703987,35.66648159,286,139.6703987,35.66648159
287,北沢4-7-22,,,,,,,139.6698034,35.66699042,287,139.6698034,35.66699042
288,北沢4-21-5,,,,,,,139.6672265,35.66724477,288,139.6672265,35.66724477
289,北沢4-15-22,,,,,,,139.6672882,35.66682374,289,139.6672882,35.66682374
290,北沢4-15-10,,,,,,,139.6665102,35.66672288,290,139.6665102,35.66672288
291,北沢4-16-21,,,,,,,139.6664387,35.66696128,291,139.6664387,35.66696128
292,北沢4-13-13,,,,,,,139.6677975,35.66676747,292,139.6677975,35.66676747
293,北沢4-13-15,,,,,,,139.667841,35.66642988,293,139.667841,35.66642988
294,北沢4-12-33,,,,,,,139.6682822,35.66607931,294,139.6682822,35.66607931
295,北沢4-14-2,,,,,,,139.6671483,35.66581311,295,139.6671483,35.66581311
296,北沢4-15-29,,,,,,,139.6670019,35.66622429,296,139.6670019,35.66622429
297,北沢4-11-13,,,,,,,139.6688367,35.66618192,297,139.6688367,35.66618192
298,北沢4-8-6,,,,,,,139.6696399,35.66628947,298,139.6696399,35.66628947
299,北沢4-8-6,,,,,,,139.669472,35.66692958,299,139.669472,35.66692958
300,北沢4-10-15,,,,,,,139.6697791,35.6658981,300,139.6697791,35.6658981
301,北沢3-23-13,,,,,,,139.6693496,35.66561953,301,139.6693496,35.66561953
302,北沢3-14-6,,,,,,,139.6705098,35.66591162,302,139.6705098,35.66591162
303,北沢3-13-10,,,,,,,139.6711389,35.66588101,303,139.6711389,35.66588101
304,北沢3-12-10,,,,,,,139.6710003,35.66544961,304,139.6710003,35.66544961
305,北沢3-11-13,,,,,,,139.6713186,35.66519855,305,139.6713186,35.66519855
306,代田4-37-12,,,,,,,139.6549574,35.65721919,306,139.6549574,35.65721919
307,代田4-36-14,,,,,,,139.6548921,35.65685187,307,139.6548921,35.65685187
308,代田4-36-17,,,,,,,139.6554078,35.65686787,308,139.6554078,35.65686787
309,代田4-33-16,,,,,,,139.6563067,35.65703432,309,139.6563067,35.65703432
310,代田3-48-6,,,,,,,139.6566376,35.65661017,310,139.6566376,35.65661017
311,代田3-49-7,,,,,,,139.6568558,35.65657092,311,139.6568558,35.65657092
312,代田4-35-6,,,,,,,139.6572154,35.65722846,312,139.6572154,35.65722846
313,代田4-35-17,,,,,,,139.6567747,35.65752112,313,139.6567747,35.65752112
314,代田4-34-9,,,,,,,139.6565116,35.65764431,314,139.6565116,35.65764431
315,代田4-33-6,,,,,,,139.6569488,35.65796711,315,139.6569488,35.65796711
316,代田4-34-18,,,,,,,139.6576363,35.6579591,316,139.6576363,35.6579591
317,代田4-35-25,,,,,,,139.6579697,35.65759993,317,139.6579697,35.65759993
318,代田4-35-25,,,,,,,139.6579722,35.65744607,318,139.6579722,35.65744607
319,代田3-53-10,,,,,,,139.6592038,35.6569485,319,139.6592038,35.6569485
320,代田3-55-15,,,,,,,139.6587805,35.65721758,320,139.6587805,35.65721758
321,代田3-55-10,,,,,,,139.658377,35.6570972,321,139.658377,35.6570972
322,代田3-50-14,,,,,,,139.6582447,35.65659909,322,139.6582447,35.65659909
323,代田3-53-1,,,,,,,139.6598079,35.65638637,323,139.6598079,35.65638637
324,北沢3-6-13,,,,,,,139.6717598,35.66573664,324,139.6717598,35.66573664
325,北沢3-23-3,,,,,,,139.6693384,35.66473671,325,139.6693384,35.66473671
326,北沢3-23-2,,,,,,,139.6696628,35.66460276,326,139.6696628,35.66460276
327,北沢3-17-1,,,,,,,139.670099,35.66486358,327,139.670099,35.66486358
328,北沢3-16-5,,,,,,,139.6704583,35.66495988,328,139.6704583,35.66495988
329,北沢3-10-17,,,,,,,139.6715818,35.66484557,329,139.6715818,35.66484557
330,北沢3-10-12,,,,,,,139.6711557,35.66481606,330,139.6711557,35.66481606
331,北沢3-10-9,,,,,,,139.6706346,35.66479715,331,139.6706346,35.66479715
332,北沢3-9-11,,,,,,,139.6710241,35.66456098,332,139.6710241,35.66456098
333,北沢3-9-11,,,,,,,139.6708611,35.66422445,333,139.6708611,35.66422445
334,北沢1-47-17,,,,,,,139.6716723,35.66412198,334,139.6716723,35.66412198
335,北沢3-29-5,,,,,,,139.6677038,35.66504022,335,139.6677038,35.66504022
336,北沢3-29-3,,,,,,,139.6677191,35.66487106,336,139.6677191,35.66487106
337,北沢3-28-6,,,,,,,139.6681402,35.6652841,337,139.6681402,35.6652841
338,北沢3-26-4,,,,,,,139.6681268,35.66406164,338,139.6681268,35.66406164
339,北沢3-26-2,,,,,,,139.6683771,35.66366448,339,139.6683771,35.66366448
340,北沢3-25-8,,,,,,,139.6690024,35.66430369,340,139.6690024,35.66430369
341,北沢3-25-16,,,,,,,139.669103,35.66405847,341,139.669103,35.66405847
342,北沢3-22-14,,,,,,,139.6699244,35.66428097,342,139.6699244,35.66428097
343,北沢3-9-3,,,,,,,139.6703862,35.66397548,343,139.6703862,35.66397548
344,北沢1-24-9,,,,,,,139.6717503,35.66364877,344,139.6717503,35.66364877
345,北沢1-22-2,,,,,,,139.6727558,35.66468787,345,139.6727558,35.66468787
346,北沢1-19-15,,,,,,,139.6735916,35.66472017,346,139.6735916,35.66472017
347,北沢1-19-18,,,,,,,139.6741149,35.66478675,347,139.6741149,35.66478675
348,北沢1-27-8,,,,,,,139.6736771,35.66357815,348,139.6736771,35.66357815
349,北沢1-20-14,,,,,,,139.6733415,35.66520739,349,139.6733415,35.66520739
350,北沢1-23-24,,,,,,,139.6731189,35.6641551,350,139.6731189,35.6641551
351,北沢3-19-5,,,,,,,139.6698383,35.66373921,351,139.6698383,35.66373921
352,北沢3-19-7,,,,,,,139.670094,35.66377931,352,139.670094,35.66377931
353,北沢1-46-16,,,,,,,139.6701364,35.66284248,353,139.6701364,35.66284248
354,北沢1-46-2,,,,,,,139.6699935,35.66270636,354,139.6699935,35.66270636
355,北沢2-8-11,,,,,,,139.6694987,35.66283377,355,139.6694987,35.66283377
356,北沢2-8-18,,,,,,,139.6699883,35.66226901,356,139.6699883,35.66226901
357,北沢1-40-11,,,,,,,139.6703186,35.6623275,357,139.6703186,35.6623275
358,北沢1-40-6,,,,,,,139.6699372,35.66192047,358,139.6699372,35.66192047
359,北沢2-9-19,,,,,,,139.6692748,35.66241649,359,139.6692748,35.66241649
360,北沢2-7-13,,,,,,,139.6696926,35.66173049,360,139.6696926,35.66173049
361,北沢2-9-23,,,,,,,139.669086,35.66200954,361,139.669086,35.66200954
362,北沢1-41-12,,,,,,,139.6709803,35.66168382,362,139.6709803,35.66168382
363,北沢1-42-2,,,,,,,139.6714164,35.66161275,363,139.6714164,35.66161275
364,北沢1-30-6,,,,,,,139.6720823,35.66272783,364,139.6720823,35.66272783
365,北沢1-30-3,,,,,,,139.6723783,35.66237588,365,139.6723783,35.66237588
366,北沢1-43-9,,,,,,,139.6719423,35.66189928,366,139.6719423,35.66189928
367,北沢1-43-11,,,,,,,139.672174,35.66189175,367,139.672174,35.66189175
368,北沢1-43-14,,,,,,,139.6724069,35.66141154,368,139.6724069,35.66141154
369,北沢1-41-25,,,,,,,139.6716045,35.66112013,369,139.6716045,35.66112013
370,北沢1-33-10,,,,,,,139.6717738,35.66133994,370,139.6717738,35.66133994
371,北沢1-29-3,,,,,,,139.6727035,35.6624103,371,139.6727035,35.6624103
372,北沢1-28-5,,,,,,,139.6731381,35.6621922,372,139.6731381,35.6621922
373,北沢1-8-9,,,,,,,139.6736809,35.66178118,373,139.6736809,35.66178118
374,北沢1-10-5,,,,,,,139.6740095,35.66172113,374,139.6740095,35.66172113
375,北沢1-31-18,,,,,,,139.6729044,35.66174436,375,139.6729044,35.66174436
376,北沢1-32-22,,,,,,,139.6733356,35.66129713,376,139.6733356,35.66129713
377,代沢2-45-2,,,,,,,139.6724611,35.6606724,377,139.6724611,35.6606724
378,代沢2-44-14,,,,,,,139.6725148,35.6605058,378,139.6725148,35.6605058
379,代沢2-46-6,,,,,,,139.6727712,35.66089383,379,139.6727712,35.66089383
380,代沢2-47-5,,,,,,,139.673426,35.660721,380,139.673426,35.660721
381,代沢2-39-6,,,,,,,139.6742068,35.65893588,381,139.6742068,35.65893588
382,池尻4-38-8,,,,,,,139.6734402,35.65416127,382,139.6734402,35.65416127
383,池尻4-35-16,,,,,,,139.6736169,35.65444147,383,139.6736169,35.65444147
384,池尻4-37-3,,,,,,,139.6739997,35.65466597,384,139.6739997,35.65466597
385,代沢3-14-7,,,,,,,139.6734046,35.6551695,385,139.6734046,35.6551695
386,代沢3-1-8,,,,,,,139.671853,35.65433654,386,139.671853,35.65433654
387,代沢3-1-15,,,,,,,139.6726287,35.65392619,387,139.6726287,35.65392619
388,代沢3-19-8,,,,,,,139.6720212,35.65546205,388,139.6720212,35.65546205
389,代沢3-3-6,,,,,,,139.6705251,35.65456055,389,139.6705251,35.65456055
390,代沢4-32-11,,,,,,,139.6707861,35.65362591,390,139.6707861,35.65362591
391,代沢4-38-4,,,,,,,139.6697843,35.65375525,391,139.6697843,35.65375525
392,代沢4-40-13,,,,,,,139.6689737,35.65414652,392,139.6689737,35.65414652
393,代沢4-30-10,,,,,,,139.6690301,35.65368365,393,139.6690301,35.65368365
394,代沢4-19-10,,,,,,,139.6688616,35.65296169,394,139.6688616,35.65296169
395,代沢4-31-3,,,,,,,139.6696747,35.65301282,395,139.6696747,35.65301282
396,代沢4-19-19,,,,,,,139.6695441,35.65234238,396,139.6695441,35.65234238
397,代沢4-15-11,,,,,,,139.6689539,35.65219645,397,139.6689539,35.65219645
398,代沢4-15-6,,,,,,,139.6686785,35.65178523,398,139.6686785,35.65178523
399,代沢4-16-12,,,,,,,139.669931,35.65218291,399,139.669931,35.65218291
400,代沢4-17-11,,,,,,,139.6709418,35.65289943,400,139.6709418,35.65289943
401,代沢4-1-1,,,,,,,139.6704419,35.65161276,401,139.6704419,35.65161276
402,代沢4-1-12,,,,,,,139.6698906,35.65162283,402,139.6698906,35.65162283
403,代沢4-1-5,,,,,,,139.6697075,35.65128574,403,139.6697075,35.65128574
404,代沢4-2-4,,,,,,,139.6688135,35.6511184,404,139.6688135,35.6511184
405,代沢4-4-17,,,,,,,139.6679465,35.65133579,405,139.6679465,35.65133579
406,代沢4-4-10,,,,,,,139.6675696,35.65141397,406,139.6675696,35.65141397
407,代沢4-4-18,,,,,,,139.6678152,35.65099039,407,139.6678152,35.65099039
408,代沢4-4-4,,,,,,,139.6673539,35.65106781,408,139.6673539,35.65106781
409,代沢4-12-16,,,,,,,139.6671909,35.65194643,409,139.6671909,35.65194643
410,代沢4-5-1,,,,,,,139.6672215,35.65102373,410,139.6672215,35.65102373
411,代沢4-5-6,,,,,,,139.6669106,35.6510964,411,139.6669106,35.6510964
412,代沢4-5-10,,,,,,,139.6665942,35.65136701,412,139.6665942,35.65136701
413,代沢4-6-10,,,,,,,139.6661897,35.65172312,413,139.6661897,35.65172312
414,代沢4-10-1,,,,,,,139.6656583,35.65181649,414,139.6656583,35.65181649
415,代沢4-7-13,,,,,,,139.6662017,35.65121017,415,139.6662017,35.65121017
416,代沢4-9-2,,,,,,,139.6654059,35.6513184,416,139.6654059,35.6513184
417,代田1-17-1,,,,,,,139.6652679,35.65191347,417,139.6652679,35.65191347
418,代田1-16-16,,,,,,,139.6651042,35.65123974,418,139.6651042,35.65123974
419,代田1-2-2,,,,,,,139.6643271,35.65085737,419,139.6643271,35.65085737
420,代田1-15-12,,,,,,,139.6644881,35.65180521,420,139.6644881,35.65180521
421,代田1-14-10,,,,,,,139.6638331,35.65188154,421,139.6638331,35.65188154
422,代田1-12-11,,,,,,,139.662092,35.65203934,422,139.662092,35.65203934
423,代田1-12-6,,,,,,,139.6614932,35.65205255,423,139.6614932,35.65205255
424,代田1-11-3,,,,,,,139.6613201,35.65150616,424,139.6613201,35.65150616
425,代田1-7-19,,,,,,,139.6622913,35.65097564,425,139.6622913,35.65097564
426,代田1-7-2,,,,,,,139.6619051,35.65087396,426,139.6619051,35.65087396
427,代田1-20-16,,,,,,,139.6630013,35.65228733,427,139.6630013,35.65228733
428,代田1-20-12,,,,,,,139.6626474,35.65255716,428,139.6626474,35.65255716
429,代田1-10-6,,,,,,,139.6609003,35.65197004,429,139.6609003,35.65197004
430,代田1-10-6,,,,,,,139.6604624,35.65180968,430,139.6604624,35.65180968
431,代田1-9-8,,,,,,,139.6604395,35.65200894,431,139.6604395,35.65200894
432,代田1-8-7,,,,,,,139.6605196,35.65120179,432,139.6605196,35.65120179
433,代田1-23-7,,,,,,,139.6603824,35.65304644,433,139.6603824,35.65304644
434,代田1-37-4,,,,,,,139.6602688,35.65379018,434,139.6602688,35.65379018
435,代田1-26-19,,,,,,,139.6622508,35.65293274,435,139.6622508,35.65293274
436,代田1-25-1,,,,,,,139.661318,35.65290725,436,139.661318,35.65290725
437,代田1-34-11,,,,,,,139.6624735,35.65385399,437,139.6624735,35.65385399
438,代田1-27-12,,,,,,,139.6626083,35.65330966,438,139.6626083,35.65330966
439,代田1-28-3,,,,,,,139.6635305,35.65277978,439,139.6635305,35.65277978
440,代田1-28-1,,,,,,,139.6637472,35.65252653,440,139.6637472,35.65252653
441,代田1-33-16,,,,,,,139.6641293,35.65377836,441,139.6641293,35.65377836
442,代田1-33-17,,,,,,,139.6641101,35.65358922,442,139.6641101,35.65358922
443,代田1-32-2,,,,,,,139.6644179,35.6534521,443,139.6644179,35.6534521
444,代沢4-23-7,,,,,,,139.666113,35.65282729,444,139.666113,35.65282729
445,代沢4-23-16,,,,,,,139.6663803,35.65243701,445,139.6663803,35.65243701
446,代沢4-22-9,,,,,,,139.6665438,35.65301456,446,139.6665438,35.65301456
447,代沢4-22-16,,,,,,,139.6671546,35.65264783,447,139.6671546,35.65264783
448,代沢4-21-15,,,,,,,139.6679558,35.65278035,448,139.6679558,35.65278035
449,代沢4-28-5,,,,,,,139.6672667,35.65313139,449,139.6672667,35.65313139
450,代沢4-20-9,,,,,,,139.6681112,35.65297157,450,139.6681112,35.65297157
451,代沢4-13-9,,,,,,,139.6675336,35.65224535,451,139.6675336,35.65224535
452,代沢4-40-3,,,,,,,139.6685279,35.6537932,452,139.6685279,35.6537932
453,代沢4-41-3,,,,,,,139.667744,35.65382881,453,139.667744,35.65382881
454,代沢4-42-5,,,,,,,139.6672811,35.65420314,454,139.6672811,35.65420314
455,代沢4-44-1,,,,,,,139.6671392,35.65385312,455,139.6671392,35.65385312
456,代沢4-44-12,,,,,,,139.6671379,35.65420926,456,139.6671379,35.65420926
457,代沢4-44-14,,,,,,,139.6669201,35.65397135,457,139.6669201,35.65397135
458,代沢4-45-18,,,,,,,139.6664345,35.65396951,458,139.6664345,35.65396951
459,代沢4-46-5,,,,,,,139.6656765,35.65434857,459,139.6656765,35.65434857
460,代沢4-46-10,,,,,,,139.6653914,35.65470475,460,139.6653914,35.65470475
461,代沢5-1-10,,,,,,,139.6683217,35.65488682,461,139.6683217,35.65488682
462,代沢5-3-17,,,,,,,139.6663954,35.65512628,462,139.6663954,35.65512628
463,代沢5-4-2,,,,,,,139.6660894,35.65525205,463,139.6660894,35.65525205
464,代沢3-7-9,,,,,,,139.6684269,35.65556841,464,139.6684269,35.65556841
465,代沢3-7-3,,,,,,,139.6688678,35.65494905,465,139.6688678,35.65494905
466,代沢5-7-18,,,,,,,139.6683157,35.65550462,466,139.6683157,35.65550462
467,代沢5-7-8,,,,,,,139.6675415,35.65551708,467,139.6675415,35.65551708
468,代沢5-6-15,,,,,,,139.6674273,35.65579869,468,139.6674273,35.65579869
469,代沢5-6-2,,,,,,,139.6670648,35.65541384,469,139.6670648,35.65541384
470,代沢5-6-1,,,,,,,139.6671547,35.65552087,470,139.6671547,35.65552087
471,代沢5-3-11,,,,,,,139.6652256,35.65510816,471,139.6652256,35.65510816
472,代沢5-13-3,,,,,,,139.665447,35.65599244,472,139.665447,35.65599244
473,代沢5-13-4,,,,,,,139.6650838,35.65596463,473,139.6650838,35.65596463
474,代沢3-27-1,,,,,,,139.6683451,35.656038,474,139.6683451,35.656038
475,代沢5-9-3,,,,,,,139.666972,35.65609416,475,139.666972,35.65609416
476,代沢5-18-1,,,,,,,139.6675404,35.65672699,476,139.6675404,35.65672699
477,代沢5-17-13,,,,,,,139.6669063,35.65674153,477,139.6669063,35.65674153
478,代沢5-17-4,,,,,,,139.6664639,35.65683673,478,139.6664639,35.65683673
479,代沢5-13-10,,,,,,,139.6655844,35.65630424,479,139.6655844,35.65630424
480,代田2-25-3,,,,,,,139.6642592,35.65678282,480,139.6642592,35.65678282
481,代田2-13-1,,,,,,,139.6637704,35.65621021,481,139.6637704,35.65621021
482,代田2-10-8,,,,,,,139.6632488,35.65596791,482,139.6632488,35.65596791
483,代田2-10-8,,,,,,,139.6629774,35.65583151,483,139.6629774,35.65583151
484,代田2-14-14,,,,,,,139.6627755,35.65669068,484,139.6627755,35.65669068
485,代田2-8-16,,,,,,,139.6620952,35.65548386,485,139.6620952,35.65548386
486,代田2-17-11,,,,,,,139.6601001,35.6557305,486,139.6601001,35.6557305
487,代田2-17-20,,,,,,,139.6600995,35.65684685,487,139.6600995,35.65684685
488,代田2-17-20,,,,,,,139.6600969,35.65666802,488,139.6600969,35.65666802
489,代田2-22-3,,,,,,,139.6615851,35.65658091,489,139.6615851,35.65658091
490,代田2-19-18,,,,,,,139.6606658,35.65694583,490,139.6606658,35.65694583
491,代田2-21-17,,,,,,,139.6613687,35.65705256,491,139.6613687,35.65705256
492,代田2-23-14,,,,,,,139.6628334,35.65721239,492,139.6628334,35.65721239
493,代田2-18-11,,,,,,,139.6602198,35.65734432,493,139.6602198,35.65734432
494,代田2-20-9,,,,,,,139.6611767,35.65770741,494,139.6611767,35.65770741
495,代田2-31-7,,,,,,,139.6615887,35.65798598,495,139.6615887,35.65798598
496,代田2-30-17,,,,,,,139.662013,35.65795882,496,139.662013,35.65795882
497,代田2-29-11,,,,,,,139.6622331,35.65797906,497,139.6622331,35.65797906
498,代田2-29-7,,,,,,,139.6623301,35.65767705,498,139.6623301,35.65767705
499,代田2-28-2,,,,,,,139.6634948,35.65773936,499,139.6634948,35.65773936
500,代田2-27-4,,,,,,,139.6632351,35.65735393,500,139.6632351,35.65735393
501,代田2-27-14,,,,,,,139.6637535,35.65740081,501,139.6637535,35.65740081
502,代田2-26-20,,,,,,,139.6647459,35.65749315,502,139.6647459,35.65749315
503,代田2-34-19,,,,,,,139.6647049,35.6579893,503,139.6647049,35.6579893
504,代沢5-16-17,,,,,,,139.6661149,35.6574947,504,139.6661149,35.6574947
505,代沢5-20-2,,,,,,,139.6667339,35.65738532,505,139.6667339,35.65738532
506,代沢5-20-7,,,,,,,139.6669873,35.65783194,506,139.6669873,35.65783194
507,代沢5-29-17,,,,,,,139.6675644,35.65797245,507,139.6675644,35.65797245
508,代沢5-26-15,,,,,,,139.666904,35.65820067,508,139.666904,35.65820067
509,代沢5-8-13,,,,,,,139.6677609,35.65730625,509,139.6677609,35.65730625
510,代沢5-8-17,,,,,,,139.6678177,35.65763487,510,139.6678177,35.65763487
511,代沢5-8-19,,,,,,,139.6680658,35.65764955,511,139.6680658,35.65764955
512,代沢5-8-7,,,,,,,139.6676957,35.65689071,512,139.6676957,35.65689071
513,代沢3-27-20,,,,,,,139.66891,35.65747331,513,139.66891,35.65747331
514,代沢3-24-9,,,,,,,139.6698547,35.65718463,514,139.6698547,35.65718463
515,代沢2-17-5,,,,,,,139.670717,35.65749334,515,139.670717,35.65749334
516,代沢2-17-7,,,,,,,139.6710328,35.65772073,516,139.6710328,35.65772073
517,代沢2-17-13,,,,,,,139.6714547,35.65773771,517,139.6714547,35.65773771
518,代沢2-13-4,,,,,,,139.6718439,35.65755074,518,139.6718439,35.65755074
519,代沢2-10-11,,,,,,,139.6721826,35.65701082,519,139.6721826,35.65701082
520,代沢2-9-14,,,,,,,139.6729963,35.65757563,520,139.6729963,35.65757563
521,代沢2-13-15,,,,,,,139.6725116,35.65795131,521,139.6725116,35.65795131
522,代沢2-6-5,,,,,,,139.6735144,35.65777642,522,139.6735144,35.65777642
523,代沢2-4-7,,,,,,,139.6736732,35.65746151,523,139.6736732,35.65746151
524,代沢2-2-13,,,,,,,139.6732429,35.65694058,524,139.6732429,35.65694058
525,代沢2-36-6,,,,,,,139.6724225,35.65893296,525,139.6724225,35.65893296
526,代沢2-6-12,,,,,,,139.6729153,35.65832583,526,139.6729153,35.65832583
527,代沢2-37-9,,,,,,,139.6729303,35.6585154,527,139.6729303,35.6585154
528,代沢2-14-14,,,,,,,139.6722335,35.6582638,528,139.6722335,35.6582638
529,代沢2-15-2,,,,,,,139.6716639,35.65837391,529,139.6716639,35.65837391
530,代沢2-16-13,,,,,,,139.6716885,35.65813553,530,139.6716885,35.65813553
531,代沢2-20-19,,,,,,,139.6708613,35.65818868,531,139.6708613,35.65818868
532,代沢2-20-11,,,,,,,139.6706507,35.65889255,532,139.6706507,35.65889255
533,代沢2-25-14,,,,,,,139.669702,35.65903305,533,139.669702,35.65903305
534,代沢2-25-7,,,,,,,139.6689936,35.65840067,534,139.6689936,35.65840067
535,代沢2-28-10,,,,,,,139.668372,35.65847977,535,139.668372,35.65847977
536,代沢2-28-12,,,,,,,139.6685071,35.65893164,536,139.6685071,35.65893164
537,代沢2-32-2,,,,,,,139.6701176,35.65925625,537,139.6701176,35.65925625
538,代沢2-30-1,,,,,,,139.6690273,35.65911271,538,139.6690273,35.65911271
539,北沢2-1-5,,,,,,,139.6677266,35.65912463,539,139.6677266,35.65912463
540,代沢5-31-12,,,,,,,139.6680746,35.65857311,540,139.6680746,35.65857311
541,代沢5-30-9,,,,,,,139.6680405,35.65818394,541,139.6680405,35.65818394
542,代沢2-28-6,,,,,,,139.6681025,35.65805594,542,139.6681025,35.65805594
543,代沢5-29-12,,,,,,,139.6673614,35.65857519,543,139.6673614,35.65857519
544,代沢5-36-16,,,,,,,139.6673098,35.65899651,544,139.6673098,35.65899651
545,代沢5-28-11,,,,,,,139.6668308,35.65893275,545,139.6668308,35.65893275
546,代沢5-27-10,,,,,,,139.6663735,35.65879944,546,139.6663735,35.65879944
547,代沢5-24-11,,,,,,,139.6650127,35.65912528,547,139.6650127,35.65912528
548,代田2-36-19,,,,,,,139.6645997,35.65936997,548,139.6645997,35.65936997
549,代田2-35-1,,,,,,,139.6647339,35.65843156,549,139.6647339,35.65843156
550,代沢5-36-8,,,,,,,139.6665887,35.65928774,550,139.6665887,35.65928774
551,代田5-1-18,,,,,,,139.6639524,35.65980929,551,139.6639524,35.65980929
552,代田2-36-8,,,,,,,139.6638531,35.65870326,552,139.6638531,35.65870326
553,北沢2-21-6,,,,,,,139.6659445,35.66017804,553,139.6659445,35.66017804
554,北沢2-21-27,,,,,,,139.6664905,35.66013697,554,139.6664905,35.66013697
555,北沢2-17-5,,,,,,,139.6665491,35.65988629,555,139.6665491,35.65988629
556,北沢2-18-7,,,,,,,139.6666349,35.66043426,556,139.6666349,35.66043426
557,北沢2-18-2,,,,,,,139.6671461,35.6602418,557,139.6671461,35.6602418
558,北沢2-19-15,,,,,,,139.6672923,35.66072343,558,139.6672923,35.66072343
559,北沢2-3-9,,,,,,,139.6680268,35.66003831,559,139.6680268,35.66003831
560,北沢2-4-5,,,,,,,139.6684554,35.66058432,560,139.6684554,35.66058432
561,北沢2-5-10,,,,,,,139.6690531,35.66068663,561,139.6690531,35.66068663
562,北沢2-2-3,,,,,,,139.6682602,35.65947699,562,139.6682602,35.65947699
563,代沢2-29-5,,,,,,,139.6686697,35.65940391,563,139.6686697,35.65940391
564,代沢2-29-7,,,,,,,139.6687855,35.65981924,564,139.6687855,35.65981924
565,代沢2-29-12,,,,,,,139.6689708,35.6603047,565,139.6689708,35.6603047
566,代沢2-30-17,,,,,,,139.6693417,35.66006553,566,139.6693417,35.66006553
567,代沢2-31-10,,,,,,,139.6692519,35.65968818,567,139.6692519,35.65968818
568,北沢2-20-14,,,,,,,139.6671068,35.66103235,568,139.6671068,35.66103235
569,北沢2-12-10,,,,,,,139.667891,35.66111933,569,139.667891,35.66111933
570,北沢1-37-11,,,,,,,139.6700739,35.66075058,570,139.6700739,35.66075058
571,北沢1-34-8,,,,,,,139.6714187,35.6604288,571,139.6714187,35.6604288
572,代沢2-35-9,,,,,,,139.6720848,35.66015072,572,139.6720848,35.66015072
573,北沢2-32-2,,,,,,,139.6682856,35.66229517,573,139.6682856,35.66229517
574,北沢2-30-11,,,,,,,139.6675733,35.66313391,574,139.6675733,35.66313391
575,北沢2-26-23,,,,,,,139.6667524,35.66232289,575,139.6667524,35.66232289
576,北沢2-26-15,,,,,,,139.6663587,35.662671,576,139.6663587,35.662671
577,北沢2-26-3,,,,,,,139.6663028,35.66225043,577,139.6663028,35.66225043
578,北沢2-29-7,,,,,,,139.6663556,35.66325058,578,139.6663556,35.66325058
579,北沢2-40-9,,,,,,,139.6655347,35.66433956,579,139.6655347,35.66433956
580,北沢2-39-10,,,,,,,139.6664188,35.6643306,580,139.6664188,35.6643306
581,北沢2-28-8,,,,,,,139.665484,35.66353528,581,139.665484,35.66353528
582,北沢2-37-23,,,,,,,139.6672737,35.66354182,582,139.6672737,35.66354182
583,北沢2-38-9,,,,,,,139.6668147,35.66435467,583,139.6668147,35.66435467
584,北沢3-31-4,,,,,,,139.6665625,35.66461762,584,139.6665625,35.66461762
585,北沢3-32-10,,,,,,,139.6666585,35.66538329,585,139.6666585,35.66538329
586,北沢3-30-14,,,,,,,139.6671341,35.66560992,586,139.6671341,35.66560992
587,代田6-12,,,,,,,139.6648393,35.66444855,587,139.6648393,35.66444855
588,代田6-12-29,,,,,,,139.6645843,35.66564279,588,139.6645843,35.66564279
589,代田6-12-21,,,,,,,139.6635529,35.66549342,589,139.6635529,35.66549342
590,代田6-10-1,,,,,,,139.6642647,35.66463839,590,139.6642647,35.66463839
591,代田6-15-1,,,,,,,139.6638505,35.66570999,591,139.6638505,35.66570999
592,代田6-14-2,,,,,,,139.6640069,35.66582216,592,139.6640069,35.66582216
593,代田6-20-18,,,,,,,139.6625682,35.66513355,593,139.6625682,35.66513355
594,代田6-14-9,,,,,,,139.6638394,35.66633003,594,139.6638394,35.66633003
595,代田6-15-17,,,,,,,139.6629204,35.66617009,595,139.6629204,35.66617009
596,代田6-15-18,,,,,,,139.663111,35.66627771,596,139.663111,35.66627771
597,代田6-16-7,,,,,,,139.6625429,35.66628962,597,139.6625429,35.66628962
598,大原1-2-9,,,,,,,139.6656286,35.66628999,598,139.6656286,35.66628999
599,大原1-4-6,,,,,,,139.664846,35.66627276,599,139.664846,35.66627276
600,大原1-4-6,,,,,,,139.6643242,35.66704712,600,139.6643242,35.66704712
601,大原1-4-6,,,,,,,139.6638256,35.6664717,601,139.6638256,35.6664717
602,大原1-4-2,,,,,,,139.6643274,35.66597783,602,139.6643274,35.66597783
603,大原1-5-27,,,,,,,139.6637184,35.66663074,603,139.6637184,35.66663074
604,大原1-7-12,,,,,,,139.6649565,35.66707775,604,139.6649565,35.66707775
605,松原2-29-9,,,,,,,139.6484231,35.66678976,605,139.6484231,35.66678976
606,松原2-29-13,,,,,,,139.6487504,35.66712124,606,139.6487504,35.66712124
607,松原2-23-9,,,,,,,139.650012,35.66706449,607,139.650012,35.66706449
608,松原2-21-1,,,,,,,139.651091,35.66623741,608,139.651091,35.66623741
609,松原2-17-36,,,,,,,139.6496476,35.66616437,609,139.6496476,35.66616437
610,松原1-27-7,,,,,,,139.6517911,35.66643974,610,139.6517911,35.66643974
611,松原2-18-12,,,,,,,139.6487093,35.66579544,611,139.6487093,35.66579544
612,松原2-7,,,,,,,139.648131,35.6650895,612,139.648131,35.6650895
613,松原2-7,,,,,,,139.6488433,35.6653601,613,139.6488433,35.6653601
614,松原2-7,,,,,,,139.6496805,35.66483435,614,139.6496805,35.66483435
615,松原2-7-44,,,,,,,139.6492328,35.66367621,615,139.6492328,35.66367621
616,豪徳寺1-26-6,,,,,,,139.6484085,35.65389883,616,139.6484085,35.65389883
617,豪徳寺1-31-13,,,,,,,139.6489996,35.65336676,617,139.6489996,35.65336676
618,豪徳寺1-33-4,,,,,,,139.6488439,35.653916,618,139.6488439,35.653916
619,豪徳寺1-33-4,,,,,,,139.6490574,35.6538781,619,139.6490574,35.6538781
620,豪徳寺1-29-2,,,,,,,139.648468,35.65295753,620,139.648468,35.65295753
621,豪徳寺1-14-9,,,,,,,139.6479823,35.65265843,621,139.6479823,35.65265843
622,豪徳寺1-14-3,,,,,,,139.6483007,35.6524936,622,139.6483007,35.6524936
623,豪徳寺1-14-15,,,,,,,139.6486431,35.65286324,623,139.6486431,35.65286324
624,豪徳寺2-2-9,,,,,,,139.6483391,35.64649411,624,139.6483391,35.64649411
625,豪徳寺2-2-1,,,,,,,139.64822,35.64564817,625,139.64822,35.64564817
626,豪徳寺2-5-2,,,,,,,139.6495264,35.64608265,626,139.6495264,35.64608265
627,豪徳寺2-4-7,,,,,,,139.6492812,35.64631501,627,139.6492812,35.64631501
628,豪徳寺2-9-3,,,,,,,139.6494824,35.64685614,628,139.6494824,35.64685614
629,豪徳寺2-14-26,,,,,,,139.6481552,35.64756115,629,139.6481552,35.64756115
630,豪徳寺2-9-9,,,,,,,139.6496846,35.64769951,630,139.6496846,35.64769951
631,豪徳寺2-10-9,,,,,,,139.6492499,35.64816323,631,139.6492499,35.64816323
632,豪徳寺2-11-4,,,,,,,139.6488958,35.64852838,632,139.6488958,35.64852838
633,豪徳寺2-26-11,,,,,,,139.648564,35.64967126,633,139.648564,35.64967126
634,豪徳寺2-25-5,,,,,,,139.648698,35.64937005,634,139.648698,35.64937005
635,豪徳寺2-27-2,,,,,,,139.6491843,35.64959767,635,139.6491843,35.64959767
636,梅丘2-5-9,,,,,,,139.6493646,35.64975109,636,139.6493646,35.64975109
637,梅丘2-4-9,,,,,,,139.6494506,35.64945196,637,139.6494506,35.64945196
638,豪徳寺2-28-12,,,,,,,139.6484868,35.65039738,638,139.6484868,35.65039738
639,梅丘2-22-1,,,,,,,139.6494545,35.65026194,639,139.6494545,35.65026194
640,豪徳寺1-10-15,,,,,,,139.6486333,35.65131376,640,139.6486333,35.65131376
641,豪徳寺1-17-7,,,,,,,139.6478375,35.65199254,641,139.6478375,35.65199254
642,豪徳寺1-12-6,,,,,,,139.6487795,35.65199363,642,139.6487795,35.65199363
643,豪徳寺1-32-3,,,,,,,139.6493259,35.65282445,643,139.6493259,35.65282445
644,豪徳寺1-32-2,,,,,,,139.6494559,35.65285719,644,139.6494559,35.65285719
645,梅丘1-59-11,,,,,,,139.6498291,35.65289471,645,139.6498291,35.65289471
646,豪徳寺1-12-20,,,,,,,139.6492915,35.6516655,646,139.6492915,35.6516655
647,梅丘2-23-18,,,,,,,139.6497589,35.65203055,647,139.6497589,35.65203055
648,梅丘1-59-3,,,,,,,139.6509573,35.65274905,648,139.6509573,35.65274905
649,梅丘2-26-1,,,,,,,139.650859,35.65218419,649,139.650859,35.65218419
650,梅丘2-28-9,,,,,,,139.6513786,35.65233469,650,139.6513786,35.65233469
651,梅丘2-25-14,,,,,,,139.6511693,35.65212598,651,139.6511693,35.65212598
652,梅丘2-23-3,,,,,,,139.6500237,35.6510507,652,139.6500237,35.6510507
653,梅丘2-24-6,,,,,,,139.6507902,35.65104222,653,139.6507902,35.65104222
654,梅丘2-24-1,,,,,,,139.6513408,35.65085476,654,139.6513408,35.65085476
655,梅丘2-29-10,,,,,,,139.6515381,35.6518518,655,139.6515381,35.6518518
656,梅丘2-29-3,,,,,,,139.6516678,35.65111197,656,139.6516678,35.65111197
657,梅丘2-29-15,,,,,,,139.6519489,35.65204486,657,139.6519489,35.65204486
658,梅丘2-30-10,,,,,,,139.6526286,35.6514955,658,139.6526286,35.6514955
659,梅丘2-17-5,,,,,,,139.6522248,35.65107666,659,139.6522248,35.65107666
660,梅丘2-32-6,,,,,,,139.6523963,35.65217957,660,139.6523963,35.65217957
661,梅丘2-16-9,,,,,,,139.6531805,35.65110441,661,139.6531805,35.65110441
662,梅丘2-16-13,,,,,,,139.6536176,35.65100781,662,139.6536176,35.65100781
663,梅丘2-16-5,,,,,,,139.6529908,35.65056673,663,139.6529908,35.65056673
664,梅丘2-34-3,,,,,,,139.6541968,35.65119093,664,139.6541968,35.65119093
665,梅丘2-33-13,,,,,,,139.6531033,35.65214133,665,139.6531033,35.65214133
666,梅丘2-16-17,,,,,,,139.6534772,35.65038024,666,139.6534772,35.65038024
667,梅丘2-13-27,,,,,,,139.65446,35.65052746,667,139.65446,35.65052746
668,梅丘3-8-1,,,,,,,139.6550743,35.65005758,668,139.6550743,35.65005758
669,梅丘3-5-15,,,,,,,139.6564168,35.65060552,669,139.6564168,35.65060552
670,梅丘3-9-1,,,,,,,139.6547178,35.65162409,670,139.6547178,35.65162409
671,梅丘3-12-17,,,,,,,139.6563869,35.65183225,671,139.6563869,35.65183225
672,梅丘3-14-15,,,,,,,139.6572368,35.65150467,672,139.6572368,35.65150467
673,梅丘3-15-10,,,,,,,139.657737,35.65085912,673,139.657737,35.65085912
674,梅丘3-16-6,,,,,,,139.6580429,35.651467,674,139.6580429,35.651467
675,梅丘3-16-9,,,,,,,139.658285,35.65125282,675,139.658285,35.65125282
676,代田3-4-8,,,,,,,139.6581292,35.65172771,676,139.6581292,35.65172771
677,代田3-10-2,,,,,,,139.6568121,35.65211735,677,139.6568121,35.65211735
678,代田3-7-10,,,,,,,139.6573359,35.65287274,678,139.6573359,35.65287274
679,代田3-5-24,,,,,,,139.6597288,35.65292029,679,139.6597288,35.65292029
680,代田3-2-15,,,,,,,139.6601582,35.65226444,680,139.6601582,35.65226444
681,代田3-2,,,,,,,139.660167,35.65174923,681,139.660167,35.65174923
682,代田3-2,,,,,,,139.6601218,35.65267947,682,139.6601218,35.65267947
683,代田3-25-2,,,,,,,139.660006,35.65408058,683,139.660006,35.65408058
684,代田1-38-7,,,,,,,139.6602512,35.65427644,684,139.6602512,35.65427644
685,代田3-27-1,,,,,,,139.6584733,35.65413542,685,139.6584733,35.65413542
686,代田1-40-13,,,,,,,139.6615869,35.65436128,686,139.6615869,35.65436128
687,代田3-21-17,,,,,,,139.6576069,35.65416238,687,139.6576069,35.65416238
688,代田3-21-9,,,,,,,139.6571921,35.65376183,688,139.6571921,35.65376183
689,代田3-20-11,,,,,,,139.6571619,35.65404184,689,139.6571619,35.65404184
690,代田3-16-15,,,,,,,139.6562784,35.65388154,690,139.6562784,35.65388154
691,代田3-30-8,,,,,,,139.6564888,35.65438798,691,139.6564888,35.65438798
692,代田3-30-12,,,,,,,139.6568815,35.6547784,692,139.6568815,35.6547784
693,代田3-28-3,,,,,,,139.6573637,35.65494225,693,139.6573637,35.65494225
694,代田3-17-7,,,,,,,139.6555697,35.65353041,694,139.6555697,35.65353041
695,代田3-34-2,,,,,,,139.6555381,35.65464031,695,139.6555381,35.65464031
696,代田3-15-8,,,,,,,139.6549753,35.65429939,696,139.6549753,35.65429939
697,代田3-15-13,,,,,,,139.6554795,35.65448591,697,139.6554795,35.65448591
698,代田3-15-6,,,,,,,139.6548912,35.65398676,698,139.6548912,35.65398676
699,梅丘1-16-13,,,,,,,139.6544154,35.65426043,699,139.6544154,35.65426043
700,梅丘1-8-8,,,,,,,139.6539633,35.65411383,700,139.6539633,35.65411383
701,梅丘1-20-14,,,,,,,139.6542462,35.65500625,701,139.6542462,35.65500625
702,梅丘1-18-8,,,,,,,139.6549407,35.65536756,702,139.6549407,35.65536756
703,梅丘1-26-1,,,,,,,139.6547643,35.65553261,703,139.6547643,35.65553261
704,梅丘1-27-5,,,,,,,139.655108,35.65572169,704,139.655108,35.65572169
705,梅丘1-26-9,,,,,,,139.6551079,35.65613425,705,139.6551079,35.65613425
706,梅丘1-25-13,,,,,,,139.6546044,35.65588148,706,139.6546044,35.65588148
707,梅丘1-24-29,,,,,,,139.6545501,35.65611503,707,139.6545501,35.65611503
708,梅丘1-22-7,,,,,,,139.6536279,35.65574121,708,139.6536279,35.65574121
709,梅丘1-12-7,,,,,,,139.6528475,35.65523131,709,139.6528475,35.65523131
710,梅丘1-23-4,,,,,,,139.6525005,35.65541133,710,139.6525005,35.65541133
711,梅丘1-52-12,,,,,,,139.6523764,35.65501256,711,139.6523764,35.65501256
712,梅丘1-52-10,,,,,,,139.652334,35.65528714,712,139.652334,35.65528714
713,梅丘1-43-1,,,,,,,139.6521275,35.65577078,713,139.6521275,35.65577078
714,梅丘1-42-3,,,,,,,139.6516123,35.6558368,714,139.6516123,35.6558368
715,梅丘1-42-13,,,,,,,139.6522436,35.65616134,715,139.6522436,35.65616134
716,梅丘1-51-10,,,,,,,139.6519238,35.65510283,716,139.6519238,35.65510283
717,梅丘1-50-6,,,,,,,139.6515304,35.6551811,717,139.6515304,35.6551811
718,梅丘1-11-3,,,,,,,139.6526139,35.65410469,718,139.6526139,35.65410469
719,梅丘1-51-14,,,,,,,139.6518957,35.65458792,719,139.6518957,35.65458792
720,梅丘1-55-4,,,,,,,139.6510971,35.6542514,720,139.6510971,35.6542514
721,梅丘1-44-3,,,,,,,139.6511525,35.65548547,721,139.6511525,35.65548547
722,梅丘1-59-26,,,,,,,139.6513641,35.65333177,722,139.6513641,35.65333177
723,梅丘1-56-5,,,,,,,139.6500647,35.65421072,723,139.6500647,35.65421072
724,梅丘1-61-6,,,,,,,139.651842,35.65336125,724,139.651842,35.65336125
725,梅丘1-61-16,,,,,,,139.6525396,35.65333138,725,139.6525396,35.65333138
726,梅丘1-53-2,,,,,,,139.6522424,35.65397136,726,139.6522424,35.65397136
727,梅丘1-9-5,,,,,,,139.6534303,35.65397449,727,139.6534303,35.65397449
728,梅丘1-4-5,,,,,,,139.6531808,35.65335478,728,139.6531808,35.65335478
729,豪徳寺1-33-34,,,,,,,139.6496988,35.65373964,729,139.6496988,35.65373964
730,豪徳寺1-40-7,,,,,,,139.6484284,35.65448935,730,139.6484284,35.65448935
731,豪徳寺1-40-2,,,,,,,139.6491116,35.65473602,731,139.6491116,35.65473602
732,豪徳寺1-39-4,,,,,,,139.6490028,35.65499077,732,139.6490028,35.65499077
733,豪徳寺1-46-13,,,,,,,139.6480949,35.65525023,733,139.6480949,35.65525023
734,豪徳寺1-42-11,,,,,,,139.647818,35.65469681,734,139.647818,35.65469681
735,豪徳寺1-48-1,,,,,,,139.6479683,35.65553,735,139.6479683,35.65553
736,豪徳寺1-37-4,,,,,,,139.6486127,35.65565259,736,139.6486127,35.65565259
737,豪徳寺1-38-13,,,,,,,139.6487901,35.65540552,737,139.6487901,35.65540552
738,豪徳寺1-34-2,,,,,,,139.6491669,35.65539673,738,139.6491669,35.65539673
739,梅丘1-39-8,,,,,,,139.649921,35.65585064,739,139.649921,35.65585064
740,梅丘1-39-11,,,,,,,139.6501537,35.6556087,740,139.6501537,35.6556087
741,梅丘1-46-3,,,,,,,139.6497895,35.65525553,741,139.6497895,35.65525553
742,梅丘1-40-10,,,,,,,139.6505648,35.65567116,742,139.6505648,35.65567116
743,梅丘1-41-1,,,,,,,139.6511648,35.65605002,743,139.6511648,35.65605002
744,松原6-39-10,,,,,,,139.6508065,35.65637072,744,139.6508065,35.65637072
745,松原6-39-15,,,,,,,139.6513127,35.65664668,745,139.6513127,35.65664668
746,松原6-3-7,,,,,,,139.6533085,35.65687719,746,139.6533085,35.65687719
747,梅丘1-31-1,,,,,,,139.6543298,35.65633861,747,139.6543298,35.65633861
748,梅丘1-29-2,,,,,,,139.6554036,35.65635345,748,139.6554036,35.65635345
749,梅丘1-28-7,,,,,,,139.6556243,35.65627806,749,139.6556243,35.65627806
750,代田3-50-6,,,,,,,139.6576398,35.65621846,750,139.6576398,35.65621846
751,代田4-35-5,,,,,,,139.656688,35.657085,751,139.656688,35.657085
752,代田4-33-30,,,,,,,139.6565023,35.6578609,752,139.6565023,35.6578609
753,代田4-2-3,,,,,,,139.6581243,35.65796008,753,139.6581243,35.65796008
754,代田4-33-35,,,,,,,139.6577031,35.65830902,754,139.6577031,35.65830902
755,代田4-2-20,,,,,,,139.6580802,35.65905771,755,139.6580802,35.65905771
756,代田4-2-28,,,,,,,139.6593051,35.65879989,756,139.6593051,35.65879989
757,代田5-8-17,,,,,,,139.6602937,35.65851035,757,139.6602937,35.65851035
758,代田4-25-9,,,,,,,139.6554771,35.66086791,758,139.6554771,35.66086791
759,代田4-24-7,,,,,,,139.6563751,35.66028162,759,139.6563751,35.66028162
760,代田4-31-9,,,,,,,139.6566494,35.65960753,760,139.6566494,35.65960753
761,代田4-29-11,,,,,,,139.6577927,35.66040917,761,139.6577927,35.66040917
762,代田4-24-16,,,,,,,139.6570319,35.66087866,762,139.6570319,35.66087866
763,代田4-9-5,,,,,,,139.6592438,35.66082059,763,139.6592438,35.66082059
764,代田4-22-8,,,,,,,139.6575344,35.6609699,764,139.6575344,35.6609699
765,代田4-21-14,,,,,,,139.657097,35.66119091,765,139.657097,35.66119091
766,代田4-13-3,,,,,,,139.6584165,35.66131334,766,139.6584165,35.66131334
767,代田4-17-8,,,,,,,139.6574171,35.66223363,767,139.6574171,35.66223363
768,松原5-1-5,,,,,,,139.6561364,35.66235443,768,139.6561364,35.66235443
769,松原5-27-11,,,,,,,139.6546252,35.66257078,769,139.6546252,35.66257078
770,羽根木2-40-5,,,,,,,139.6548101,35.6636591,770,139.6548101,35.6636591
771,羽根木2-39-12,,,,,,,139.6544521,35.66457049,771,139.6544521,35.66457049
772,羽根木2-34-4,,,,,,,139.6562674,35.66446167,772,139.6562674,35.66446167
773,羽根木1-32-11,,,,,,,139.6563596,35.6635717,773,139.6563596,35.6635717
774,羽根木2-35-2,,,,,,,139.6554594,35.66381582,774,139.6554594,35.66381582
775,松原5-61-6,,,,,,,139.6570761,35.66336219,775,139.6570761,35.66336219
776,羽根木1-29-13,,,,,,,139.6573421,35.66460675,776,139.6573421,35.66460675
777,羽根木1-20-9,,,,,,,139.6576111,35.66304497,777,139.6576111,35.66304497
778,羽根木1-20-16,,,,,,,139.6585158,35.66315157,778,139.6585158,35.66315157
779,羽根木1-1-9,,,,,,,139.6594268,35.66282956,779,139.6594268,35.66282956
780,羽根木1-2-5,,,,,,,139.6597705,35.66310705,780,139.6597705,35.66310705
781,羽根木1-2-9,,,,,,,139.6602414,35.66294152,781,139.6602414,35.66294152
782,羽根木1-3-14,,,,,,,139.6602958,35.66332882,782,139.6602958,35.66332882
783,羽根木1-4-18,,,,,,,139.6603526,35.66359896,783,139.6603526,35.66359896
784,羽根木1-17-14,,,,,,,139.6593017,35.664987,784,139.6593017,35.664987
785,羽根木1-6-15,,,,,,,139.6604978,35.66438237,785,139.6604978,35.66438237
786,羽根木1-6-14,,,,,,,139.6605165,35.66457835,786,139.6605165,35.66457835
787,羽根木1-27-4,,,,,,,139.6579905,35.66551474,787,139.6579905,35.66551474
788,羽根木1-31-20,,,,,,,139.6571955,35.66530699,788,139.6571955,35.66530699
789,羽根木1-23-23,,,,,,,139.6589711,35.66506927,789,139.6589711,35.66506927
790,羽根木1-7-11,,,,,,,139.6605886,35.66496325,790,139.6605886,35.66496325
791,羽根木1-14-1,,,,,,,139.6603777,35.66592021,791,139.6603777,35.66592021
792,羽根木1-8-1,,,,,,,139.6606435,35.66545692,792,139.6606435,35.66545692
793,羽根木2-8-6,,,,,,,139.6583527,35.66673943,793,139.6583527,35.66673943
794,羽根木2-8-1,,,,,,,139.6590117,35.66669955,794,139.6590117,35.66669955
795,羽根木2-9-14,,,,,,,139.6577283,35.66697729,795,139.6577283,35.66697729
796,羽根木2-26-15,,,,,,,139.6574596,35.66678455,796,139.6574596,35.66678455
797,羽根木1-24-6,,,,,,,139.6586762,35.66591541,797,139.6586762,35.66591541
798,羽根木1-14-9,,,,,,,139.6593435,35.66612018,798,139.6593435,35.66612018
799,羽根木1-13-5,,,,,,,139.6593259,35.66645267,799,139.6593259,35.66645267
800,羽根木1-13-8,,,,,,,139.659297,35.66667581,800,139.659297,35.66667581
801,羽根木1-13-10,,,,,,,139.6596779,35.66695416,801,139.6596779,35.66695416
802,羽根木1-9,,,,,,,139.6607445,35.66601655,802,139.6607445,35.66601655
803,羽根木2-25-14,,,,,,,139.6567234,35.66721964,803,139.6567234,35.66721964
804,松原1-18-20,,,,,,,139.6560548,35.66692382,804,139.6560548,35.66692382
805,松原1-11-4,,,,,,,139.6536349,35.66640068,805,139.6536349,35.66640068
806,松原1-29-6,,,,,,,139.6529256,35.66622539,806,139.6529256,35.66622539
807,松原1-19-1,,,,,,,139.6555822,35.666481,807,139.6555822,35.666481
808,代田6-18-15,,,,,,,139.6622786,35.6668946,808,139.6622786,35.6668946
809,代田6-16-12,,,,,,,139.6626357,35.6667453,809,139.6626357,35.6667453
810,代田6-21-5,,,,,,,139.6617819,35.66488167,810,139.6617819,35.66488167
811,代田6-21-5,,,,,,,139.6623293,35.66495582,811,139.6623293,35.66495582
812,代田6-22-9,,,,,,,139.6609692,35.66558656,812,139.6609692,35.66558656
813,代田6-22-6,,,,,,,139.6608826,35.66519947,813,139.6608826,35.66519947
814,代田6-22-2,,,,,,,139.6608769,35.66494663,814,139.6608769,35.66494663
815,代田6-23-7,,,,,,,139.6607913,35.66465699,815,139.6607913,35.66465699
816,代田6-23-13,,,,,,,139.661156,35.66464372,816,139.661156,35.66464372
817,代田6-24-6,,,,,,,139.6614308,35.66460932,817,139.6614308,35.66460932
818,代田6-24-14,,,,,,,139.6620567,35.66456442,818,139.6620567,35.66456442
819,代田6-26-4,,,,,,,139.6625066,35.66424282,819,139.6625066,35.66424282
820,代田6-28-13,,,,,,,139.6620437,35.66409289,820,139.6620437,35.66409289
821,代田6-28-9,,,,,,,139.6615474,35.66395797,821,139.6615474,35.66395797
822,代田6-28-4,,,,,,,139.6619195,35.66363888,822,139.6619195,35.66363888
823,代田6-8-10,,,,,,,139.6632649,35.66431149,823,139.6632649,35.66431149
824,代田6-9-8,,,,,,,139.6637176,35.66417594,824,139.6637176,35.66417594
825,代田6-27-5,,,,,,,139.6625472,35.66360272,825,139.6625472,35.66360272
826,代田6-32-14,,,,,,,139.6633637,35.66349274,826,139.6633637,35.66349274
827,代田6-32-6,,,,,,,139.6625451,35.66320188,827,139.6625451,35.66320188
828,代田6-6-14,,,,,,,139.6638749,35.66363227,828,139.6638749,35.66363227
829,代田6-8-33,,,,,,,139.6637495,35.6632939,829,139.6637495,35.6632939
830,代田6-6-8,,,,,,,139.6642655,35.66328155,830,139.6642655,35.66328155
831,代田6-5-11,,,,,,,139.6638674,35.66280985,831,139.6638674,35.66280985
832,代田6-34-23,,,,,,,139.6618821,35.66287419,832,139.6618821,35.66287419
833,代田6-6-19,,,,,,,139.6645883,35.66366878,833,139.6645883,35.66366878
834,代田6-7-2,,,,,,,139.6649841,35.66379436,834,139.6649841,35.66379436
835,代田6-33-7,,,,,,,139.6623882,35.66278053,835,139.6623882,35.66278053
836,代田6-4-10,,,,,,,139.6633577,35.66268122,836,139.6633577,35.66268122
837,代田6-5-5,,,,,,,139.664757,35.66282651,837,139.664757,35.66282651
838,代田6-5-21,,,,,,,139.6652289,35.66324576,838,139.6652289,35.66324576
839,代田6-6-1,,,,,,,139.6652186,35.66333967,839,139.6652186,35.66333967
840,代田6-3-6,,,,,,,139.6648036,35.6623748,840,139.6648036,35.6623748
841,代田6-1-15,,,,,,,139.6639269,35.66227145,841,139.6639269,35.66227145
842,代田6-2-15,,,,,,,139.6652281,35.6623379,842,139.6652281,35.6623379
843,代田6-1-23,,,,,,,139.6653179,35.66212034,843,139.6653179,35.66212034
844,代田6-1-25,,,,,,,139.6655321,35.66212812,844,139.6655321,35.66212812
845,代田5-31-11,,,,,,,139.6642868,35.66178783,845,139.6642868,35.66178783
846,代田5-32-6,,,,,,,139.6629576,35.66185752,846,139.6629576,35.66185752
847,代田5-25-11,,,,,,,139.6624697,35.6619595,847,139.6624697,35.6619595
848,代田5-34-12,,,,,,,139.6645013,35.66185907,848,139.6645013,35.66185907
849,代田5-34-24,,,,,,,139.6653512,35.66161742,849,139.6653512,35.66161742
850,代田5-35-25,,,,,,,139.665519,35.66098003,850,139.665519,35.66098003
851,代田5-34-4,,,,,,,139.6640215,35.66109655,851,139.6640215,35.66109655
852,代田5-17-20,,,,,,,139.6624164,35.66121867,852,139.6624164,35.66121867
853,代田5-24-10,,,,,,,139.6627968,35.660979,853,139.6627968,35.660979
854,代田5-22-5,,,,,,,139.6630702,35.6606795,854,139.6630702,35.6606795
855,代田5-17-23,,,,,,,139.6625336,35.66058761,855,139.6625336,35.66058761
856,代田5-21-5,,,,,,,139.6635678,35.66046675,856,139.6635678,35.66046675
857,代田5-16-14,,,,,,,139.6616886,35.6607427,857,139.6616886,35.6607427
858,代田5-16-20,,,,,,,139.6620215,35.66041562,858,139.6620215,35.66041562
859,代田5-13-13,,,,,,,139.6607289,35.66132029,859,139.6607289,35.66132029
860,代田5-13-10,,,,,,,139.660299,35.66120168,860,139.660299,35.66120168
861,代田5-11-3,,,,,,,139.6609929,35.65969684,861,139.6609929,35.65969684
862,代田5-10-9,,,,,,,139.6601785,35.65970739,862,139.6601785,35.65970739
863,代田5-4-10,,,,,,,139.662178,35.65916852,863,139.662178,35.65916852
864,代田5-3-2,,,,,,,139.6625112,35.65883576,864,139.6625112,35.65883576
865,代田4-5-13,,,,,,,139.6598701,35.65950224,865,139.6598701,35.65950224
866,赤堤2-17-4,,,,,,,139.6481839,35.6570889,866,139.6481839,35.6570889
867,赤堤2-2-4,,,,,,,139.6481424,35.6565765,867,139.6481424,35.6565765
868,松原6-35-8,,,,,,,139.6489876,35.65728059,868,139.6489876,35.65728059
869,松原6-33-4,,,,,,,139.6486884,35.65811138,869,139.6486884,35.65811138
870,赤堤2-32-17,,,,,,,139.6479248,35.65908423,870,139.6479248,35.65908423
871,赤堤2-32-1,,,,,,,139.6482711,35.65858009,871,139.6482711,35.65858009
872,松原6-30-5,,,,,,,139.6496756,35.658377,872,139.6496756,35.658377
873,松原6-23-4,,,,,,,139.6498101,35.65924405,873,139.6498101,35.65924405
874,松原6-24-21,,,,,,,139.6517224,35.65984177,874,139.6517224,35.65984177
875,松原6-24-15,,,,,,,139.6513379,35.66020732,875,139.6513379,35.66020732
876,松原6-20-19,,,,,,,139.6492502,35.66032863,876,139.6492502,35.66032863
877,松原5-15-17,,,,,,,139.6494276,35.66079933,877,139.6494276,35.66079933
878,松原5-19-6,,,,,,,139.6485941,35.66213136,878,139.6485941,35.66213136
879,松原5-36-14,,,,,,,139.6483227,35.66294281,879,139.6483227,35.66294281
880,松原5-23-6,,,,,,,139.6507723,35.66208187,880,139.6507723,35.66208187
881,松原5-11-23,,,,,,,139.6513907,35.66187918,881,139.6513907,35.66187918
882,松原5-11-14,,,,,,,139.6509293,35.66139724,882,139.6509293,35.66139724
883,松原5-24-3,,,,,,,139.6521393,35.6617068,883,139.6521393,35.6617068
884,松原5-10-19,,,,,,,139.6523581,35.66140345,884,139.6523581,35.66140345
885,松原5-11-6,,,,,,,139.6514573,35.66071011,885,139.6514573,35.66071011
886,松原6-11-8,,,,,,,139.6535386,35.6609494,886,139.6535386,35.6609494
887,松原5-26-3,,,,,,,139.6537699,35.66166534,887,139.6537699,35.66166534
888,松原6-10-21,,,,,,,139.6534465,35.66015001,888,139.6534465,35.66015001
889,松原6-8-21,,,,,,,139.6542452,35.65931428,889,139.6542452,35.65931428
890,松原6-8-11,,,,,,,139.653653,35.65874156,890,139.653653,35.65874156
891,代田4-13-17,,,,,,,139.6586717,35.66210881,891,139.6586717,35.66210881
892,代田4-12-15,,,,,,,139.6592116,35.66203776,892,139.6592116,35.66203776
893,北沢2-9-2,,,,,,,139.66871,35.66180585,893,139.66871,35.66180585
894,北沢2-16-1,,,,,,,139.6663808,35.65973012,894,139.6663808,35.65973012
895,北沢2-12-6,,,,,,,139.6676098,35.66081761,895,139.6676098,35.66081761
896,北沢2-10-10,,,,,,,139.6679885,35.66181523,896,139.6679885,35.66181523
897,梅丘3-3-7,,,,,,,139.6571932,35.65036149,897,139.6571932,35.65036149
898,梅丘3-3-15,,,,,,,139.6573883,35.65014508,898,139.6573883,35.65014508
899,梅丘3-1-2,,,,,,,139.6583762,35.64989368,899,139.6583762,35.64989368
900,梅丘3-1-10,,,,,,,139.6581537,35.65039047,900,139.6581537,35.65039047
901,梅丘3-19-7,,,,,,,139.6585412,35.65132251,901,139.6585412,35.65132251
902,梅丘2-7-6,,,,,,,139.6511217,35.64964451,902,139.6511217,35.64964451
903,北沢1-29-6,,,,,,,139.6727998,35.66274069,903,139.6727998,35.66274069
904,梅丘1-6-10,,,,,,,139.6544055,35.65329306,904,139.6544055,35.65329306
905,梅丘1-8-3,,,,,,,139.653737,35.65356266,905,139.653737,35.65356266
906,梅丘1-6-2,,,,,,,139.65384,35.65277402,906,139.65384,35.65277402
907,梅丘2-13-8,,,,,,,139.6535789,35.64964388,907,139.6535789,35.64964388
908,梅丘1-24-10,,,,,,,139.6531804,35.65570917,908,139.6531804,35.65570917
909,梅丘1-2-15,,,,,,,139.6531858,35.65247226,909,139.6531858,35.65247226
910,梅丘1-2-11,,,,,,,139.6526001,35.65303627,910,139.6526001,35.65303627
911,梅丘1-1-15,,,,,,,139.6540589,35.65239397,911,139.6540589,35.65239397
912,大原1-24-8,,,,,,,139.6611679,35.66689158,912,139.6611679,35.66689158
913,大原1-24-1,,,,,,,139.6609992,35.66596968,913,139.6609992,35.66596968
914,大原1-22-2,,,,,,,139.662425,35.66709384,914,139.662425,35.66709384
915,代田6-3-25,,,,,,,139.6656134,35.66284384,915,139.6656134,35.66284384
916,代田6-34-17,,,,,,,139.6607787,35.6627987,916,139.6607787,35.6627987
917,代田6-34,,,,,,,139.6605069,35.6630479,917,139.6605069,35.6630479
918,代田6-29-7,,,,,,,139.6606777,35.66391427,918,139.6606777,35.66391427
919,代田5-3-12,,,,,,,139.6626472,35.65948079,919,139.6626472,35.65948079
920,代田5-29-8,,,,,,,139.6604065,35.66238759,920,139.6604065,35.66238759
921,代田5-29-1,,,,,,,139.6609429,35.66184663,921,139.6609429,35.66184663
922,代田5-28-5,,,,,,,139.6603476,35.66178169,922,139.6603476,35.66178169
923,代田5-14-12,,,,,,,139.6614908,35.66135211,923,139.6614908,35.66135211
924,代田4-9-19,,,,,,,139.6599882,35.66092433,924,139.6599882,35.66092433
925,代田4-7-1,,,,,,,139.659703,35.66011683,925,139.659703,35.66011683
926,代田4-26-5,,,,,,,139.6550931,35.6605542,926,139.6550931,35.6605542
927,代田4-10-26,,,,,,,139.6600782,35.66165854,927,139.6600782,35.66165854
928,代田4-10-24,,,,,,,139.6600882,35.66185577,928,139.6600882,35.66185577
929,代田4-10-20,,,,,,,139.660166,35.6624891,929,139.660166,35.6624891
930,代田3-57-1,,,,,,,139.6596871,35.65732065,930,139.6596871,35.65732065
931,代田3-57,,,,,,,139.659808,35.65685932,931,139.659808,35.65685932
932,代田3-52-15,,,,,,,139.6598383,35.65565784,932,139.6598383,35.65565784
933,代田3-42-10,,,,,,,139.6598796,35.65532799,933,139.6598796,35.65532799
934,代田3-40-12,,,,,,,139.6594632,35.65497063,934,139.6594632,35.65497063
935,代田3-3-5,,,,,,,139.6590384,35.65156805,935,139.6590384,35.65156805
936,代田3-39-5,,,,,,,139.6582626,35.65551323,936,139.6582626,35.65551323
937,代田3-35-11,,,,,,,139.6558695,35.65592012,937,139.6558695,35.65592012
938,代田3-35-3,,,,,,,139.6557396,35.65542742,938,139.6557396,35.65542742
939,代田3-32-16,,,,,,,139.6567214,35.6552841,939,139.6567214,35.6552841
940,代田3-32-4,,,,,,,139.6561879,35.65499803,940,139.6561879,35.65499803
941,代田3-18-18,,,,,,,139.6564509,35.65339406,941,139.6564509,35.65339406
942,代田3-12-10,,,,,,,139.6556816,35.65294982,942,139.6556816,35.65294982
943,代田3-11-3,,,,,,,139.6556035,35.65261619,943,139.6556035,35.65261619
944,代田3-1-1,,,,,,,139.660155,35.65111446,944,139.660155,35.65111446
945,代田2-7-8,,,,,,,139.6611871,35.65503809,945,139.6611871,35.65503809
946,代田2-35-11,,,,,,,139.6645398,35.65889982,946,139.6645398,35.65889982
947,代田2-14-17,,,,,,,139.6628579,35.65652071,947,139.6628579,35.65652071
948,代田2-14-4,,,,,,,139.6621943,35.6560945,948,139.6621943,35.6560945
949,代田2-1-14,,,,,,,139.6645071,35.65514294,949,139.6645071,35.65514294
950,代田1-39-9,,,,,,,139.6604581,35.65488102,950,139.6604581,35.65488102
951,代田1-39-5,,,,,,,139.660185,35.65471838,951,139.660185,35.65471838
952,代田1-39-11,,,,,,,139.6607463,35.6547392,952,139.6607463,35.6547392
953,代沢3-8-12,,,,,,,139.6698611,35.65562643,953,139.6698611,35.65562643
954,代沢3-8-7,,,,,,,139.6693946,35.65515257,954,139.6693946,35.65515257
955,代沢3-5-7,,,,,,,139.6692312,35.65472258,955,139.6692312,35.65472258
956,代沢3-22-9,,,,,,,139.6707185,35.65577956,956,139.6707185,35.65577956
957,代沢3-21-1,,,,,,,139.6711857,35.65547688,957,139.6711857,35.65547688
958,代沢3-18-7,,,,,,,139.6725387,35.65550123,958,139.6725387,35.65550123
959,代沢3-16-2,,,,,,,139.6741603,35.65560929,959,139.6741603,35.65560929
960,代沢2-1-4,,,,,,,139.6741368,35.6560641,960,139.6741368,35.6560641
961,代沢2-36-25,,,,,,,139.6727855,35.65942587,961,139.6727855,35.65942587
962,代沢2-34-11,,,,,,,139.6720864,35.65966046,962,139.6720864,35.65966046
963,代沢2-33-2,,,,,,,139.6713992,35.65886714,963,139.6713992,35.65886714
964,代沢2-23-9,,,,,,,139.6698605,35.65764677,964,139.6698605,35.65764677
965,代沢2-23-5,,,,,,,139.6694447,35.65754498,965,139.6694447,35.65754498
966,代沢2-22-9,,,,,,,139.6696964,35.65834583,966,139.6696964,35.65834583
967,松原6-28-1,,,,,,,139.6519274,35.6585678,967,139.6519274,35.6585678
968,松原6-20-13,,,,,,,139.6483202,35.66025591,968,139.6483202,35.66025591
969,松原5-53-8,,,,,,,139.6534023,35.66459975,969,139.6534023,35.66459975
970,松原5-46-7,,,,,,,139.6522629,35.66308933,970,139.6522629,35.66308933
971,松原5-46-18,,,,,,,139.6527714,35.66332328,971,139.6527714,35.66332328
972,松原5-43-26,,,,,,,139.6510611,35.66485682,972,139.6510611,35.66485682
973,松原5-43-26,,,,,,,139.6504021,35.66450699,973,139.6504021,35.66450699
974,松原5-43-10,,,,,,,139.6513538,35.66414446,974,139.6513538,35.66414446
975,松原5-40-1,,,,,,,139.6505896,35.66304912,975,139.6505896,35.66304912
976,松原5-34-14,,,,,,,139.6495693,35.66310246,976,139.6495693,35.66310246
977,松原5-33-12,,,,,,,139.6501452,35.66303601,977,139.6501452,35.66303601
978,松原5-31-5,,,,,,,139.6522036,35.66276033,978,139.6522036,35.66276033
979,松原5-1-8,,,,,,,139.6558624,35.66249626,979,139.6558624,35.66249626
980,松原5-58-3,,,,,,,139.6555436,35.6628832,980,139.6555436,35.6628832
981,松原2-2-20,,,,,,,139.6515768,35.66513261,981,139.6515768,35.66513261
982,松原1-23-18,,,,,,,139.6530786,35.66508926,982,139.6530786,35.66508926
983,松原1-22-14,,,,,,,139.6538113,35.66560684,983,139.6538113,35.66560684
984,松原1-22-17,,,,,,,139.653907,35.66523066,984,139.653907,35.66523066
985,松原1-21-3,,,,,,,139.6531926,35.66562619,985,139.6531926,35.66562619
986,松原1-21-13,,,,,,,139.6535991,35.66618457,986,139.6535991,35.66618457
987,豪徳寺2-4-2,,,,,,,139.6489421,35.64572256,987,139.6489421,35.64572256
988,豪徳寺1-52-14,,,,,,,139.6479565,35.6559914,988,139.6479565,35.6559914
989,羽根木2-37-13,,,,,,,139.6552518,35.66531315,989,139.6552518,35.66531315
990,羽根木2-35-19,,,,,,,139.6564016,35.66532115,990,139.6564016,35.66532115
991,羽根木2-32-10,,,,,,,139.6556269,35.66586705,991,139.6556269,35.66586705
992,羽根木2-28-6,,,,,,,139.6546814,35.66584997,992,139.6546814,35.66584997
993,羽根木2-27-26,,,,,,,139.6563327,35.66618988,993,139.6563327,35.66618988
994,羽根木1-26-6,,,,,,,139.6581124,35.6660397,994,139.6581124,35.6660397
995,羽根木2-26-20,,,,,,,139.657754,35.66604585,995,139.657754,35.66604585
996,羽根木1-25-7,,,,,,,139.6585936,35.66632136,996,139.6585936,35.66632136
997,羽根木1-12-2,,,,,,,139.6600658,35.6666003,997,139.6600658,35.6666003
998,羽根木1-10-4,,,,,,,139.6606752,35.66681074,998,139.6606752,35.66681074
999,羽根木1-9-13,,,,,,,139.6608384,35.66646629,999,139.6608384,35.66646629
1000,代田6-18-11,,,,,,,139.6616106,35.66660458,1000,139.6616106,35.66660458
1001,北沢2-38-4,,,,,,,139.6666717,35.66398167,1001,139.6666717,35.66398167
1002,代田6-29-8,,,,,,,139.6609167,35.66406794,1002,139.6609167,35.66406794
1003,北沢３－９－４,,,,,,,139.6706748,35.66427153,1003,139.6706748,35.66427153
1004,北沢1-18-2,,,,,,,139.6743053,35.66382992,1004,139.6743053,35.66382992
1005,北沢1-7-12,,,,,,,139.6743831,35.66134052,1005,139.6743831,35.66134052
1006,北沢1-6-6,,,,,,,139.674413,35.66108511,1006,139.674413,35.66108511
1007,北沢1-11-3,,,,,,,139.6750482,35.66141973,1007,139.6750482,35.66141973
1008,北沢1-13-21,,,,,,,139.676262,35.661363,1008,139.676262,35.661363
1009,北沢1-14-7,,,,,,,139.6757354,35.66204123,1009,139.6757354,35.66204123
1010,北沢1-14-6,,,,,,,139.6759242,35.66186994,1010,139.6759242,35.66186994
1011,北沢1-2-11,,,,,,,139.6763237,35.66096575,1011,139.6763237,35.66096575
1012,北沢1-5-2,,,,,,,139.6750503,35.66083077,1012,139.6750503,35.66083077
1013,代沢2-48-22,,,,,,,139.674684,35.66069247,1013,139.674684,35.66069247
1014,代沢2-48-28,,,,,,,139.6755955,35.66073621,1014,139.6755955,35.66073621
1015,代沢2-48-11,,,,,,,139.6743664,35.66034502,1015,139.6743664,35.66034502
1016,代沢2-41-10,,,,,,,139.674422,35.66021512,1016,139.674422,35.66021512
1017,代沢2-40-15,,,,,,,139.6743332,35.65979956,1017,139.6743332,35.65979956
1018,代沢2-40-22,,,,,,,139.6752387,35.65996624,1018,139.6752387,35.65996624
1019,代沢1-34-4,,,,,,,139.6752614,35.65915359,1019,139.6752614,35.65915359
1020,代沢1-14-1,,,,,,,139.677882,35.65920883,1020,139.677882,35.65920883
1021,代沢1-37-13,,,,,,,139.676348,35.65921,1021,139.676348,35.65921
1022,代沢1-37-8,,,,,,,139.6756719,35.6587962,1022,139.6756719,35.6587962
1023,代沢2-38-13,,,,,,,139.6746987,35.65882557,1023,139.6746987,35.65882557
1024,代沢2-38-4,,,,,,,139.6744944,35.65839777,1024,139.6744944,35.65839777
1025,代沢2-38-2,,,,,,,139.6748233,35.65835756,1025,139.6748233,35.65835756
1026,代沢1-31-14,,,,,,,139.6758747,35.65866144,1026,139.6758747,35.65866144
1027,代沢1-16-12,,,,,,,139.6775127,35.65872261,1027,139.6775127,35.65872261
1028,代沢1-20-10,,,,,,,139.6776552,35.65821964,1028,139.6776552,35.65821964
1029,代沢1-22-12,,,,,,,139.6784065,35.65775839,1029,139.6784065,35.65775839
1030,代沢1-17-3,,,,,,,139.6764424,35.65753276,1030,139.6764424,35.65753276
1031,代沢1-11-4,,,,,,,139.678832,35.65764482,1031,139.678832,35.65764482
1032,代沢1-23-17,,,,,,,139.6771241,35.65731073,1032,139.6771241,35.65731073
1033,代沢1-23-17,,,,,,,139.6769025,35.65715072,1033,139.6769025,35.65715072
1034,代沢1-24-30,,,,,,,139.6762603,35.65660365,1034,139.6762603,35.65660365
1035,代沢1-9-7,,,,,,,139.6784012,35.657123,1035,139.6784012,35.657123
1036,代沢1-8-9,,,,,,,139.6786265,35.65669009,1036,139.6786265,35.65669009
1037,代沢1-6-5,,,,,,,139.6792162,35.65694116,1037,139.6792162,35.65694116
1038,代沢1-2-21,,,,,,,139.6803277,35.65648657,1038,139.6803277,35.65648657
1039,代沢1-5-2,,,,,,,139.6796703,35.65607687,1039,139.6796703,35.65607687
1040,代沢1-3-5,,,,,,,139.6790851,35.65585006,1040,139.6790851,35.65585006
1041,代沢1-3-6,,,,,,,139.6790399,35.65568694,1041,139.6790399,35.65568694
1042,代沢1-23-1,,,,,,,139.6784742,35.6557787,1042,139.6784742,35.6557787
1043,代沢1-25-5,,,,,,,139.675701,35.65614529,1043,139.675701,35.65614529
1044,代沢1-26-13,,,,,,,139.6761477,35.65572566,1044,139.6761477,35.65572566
1045,池尻4-34-18,,,,,,,139.6755118,35.65509512,1045,139.6755118,35.65509512
1046,代沢1-29-4,,,,,,,139.6752001,35.65595427,1046,139.6752001,35.65595427
1047,代沢1-29-24,,,,,,,139.6755789,35.65691103,1047,139.6755789,35.65691103
1048,池尻4-34-21,,,,,,,139.6755279,35.65457658,1048,139.6755279,35.65457658
1049,池尻4-33-24,,,,,,,139.6759108,35.6543402,1049,139.6759108,35.6543402
1050,代沢2-3-20,,,,,,,139.6744053,35.65734332,1050,139.6744053,35.65734332
1051,北沢1-15-17,,,,,,,139.6751369,35.6628542,1051,139.6751369,35.6628542
1052,松原2-37-19,,,,,,,139.6475812,35.66799405,1052,139.6475812,35.66799405
1053,松原2-37-10,,,,,,,139.6467569,35.66823073,1053,139.6467569,35.66823073
1054,松原2-33-25,,,,,,,139.646841,35.66750057,1054,139.646841,35.66750057
1055,桜上水5-32-5,,,,,,,139.6288638,35.66761309,1055,139.6288638,35.66761309
1056,桜上水5-32-5,,,,,,,139.6292208,35.66745631,1056,139.6292208,35.66745631
1057,桜上水5-33-4,,,,,,,139.6280825,35.66778806,1057,139.6280825,35.66778806
1058,桜上水5-35-11,,,,,,,139.6273043,35.66779611,1058,139.6273043,35.66779611
1059,松原3-41-15,,,,,,,139.6417656,35.66742176,1059,139.6417656,35.66742176
1060,松原3-39-22,,,,,,,139.6434871,35.66762495,1060,139.6434871,35.66762495
1061,松原3-39-29,,,,,,,139.6445411,35.66775893,1061,139.6445411,35.66775893
1062,松原2-34-11,,,,,,,139.6449909,35.66779253,1062,139.6449909,35.66779253
1063,松原2-34-6,,,,,,,139.6453015,35.66739551,1063,139.6453015,35.66739551
1064,桜上水5-31-3,,,,,,,139.6291905,35.66861597,1064,139.6291905,35.66861597
1065,桜上水5-27-3,,,,,,,139.630017,35.66754581,1065,139.630017,35.66754581
1066,桜上水5-27-13,,,,,,,139.6305285,35.6672997,1066,139.6305285,35.6672997
1067,桜上水4-16-12,,,,,,,139.6329951,35.66789351,1067,139.6329951,35.66789351
1068,桜上水4-16-9,,,,,,,139.6330761,35.66766118,1068,139.6330761,35.66766118
1069,桜上水4-16-4,,,,,,,139.6338585,35.66754521,1069,139.6338585,35.66754521
1070,桜上水4-15-31,,,,,,,139.6345424,35.66760421,1070,139.6345424,35.66760421
1071,大原1-59-10,,,,,,,139.6616328,35.67094923,1071,139.6616328,35.67094923
1072,羽根木1-11-8,,,,,,,139.6609673,35.66759103,1072,139.6609673,35.66759103
1073,北沢5-9-1,,,,,,,139.6690131,35.66882454,1073,139.6690131,35.66882454
1074,北沢5-8-1,,,,,,,139.6695138,35.66878249,1074,139.6695138,35.66878249
1075,北沢5-7-5,,,,,,,139.6699915,35.66934055,1075,139.6699915,35.66934055
1076,北沢5-6-2,,,,,,,139.6700049,35.66870087,1076,139.6700049,35.66870087
1077,北沢5-6-3,,,,,,,139.6701878,35.6687277,1077,139.6701878,35.6687277
1078,北沢5-5-20,,,,,,,139.6704415,35.66866802,1078,139.6704415,35.66866802
1079,北沢5-5-4,,,,,,,139.6699822,35.66888922,1079,139.6699822,35.66888922
1080,北沢5-42-7,,,,,,,139.66662,35.67138105,1080,139.66662,35.67138105
1081,北沢5-42-2,,,,,,,139.6669269,35.671098,1081,139.6669269,35.671098
1082,北沢5-41-11,,,,,,,139.6672221,35.67111697,1082,139.6672221,35.67111697
1083,北沢5-40-8,,,,,,,139.6662834,35.67105519,1083,139.6662834,35.67105519
1084,北沢5-4-9,,,,,,,139.6708402,35.6689158,1084,139.6708402,35.6689158
1085,北沢5-3-6,,,,,,,139.6711903,35.66886769,1085,139.6711903,35.66886769
1086,北沢5-3-1,,,,,,,139.6718714,35.66867535,1086,139.6718714,35.66867535
1087,北沢5-39-11,,,,,,,139.666665,35.670768,1087,139.666665,35.670768
1088,北沢5-39-7,,,,,,,139.6664572,35.67026845,1088,139.6664572,35.67026845
1089,北沢5-38-30,,,,,,,139.6680327,35.67016885,1089,139.6680327,35.67016885
1090,北沢5-37-7,,,,,,,139.667949,35.67115628,1090,139.667949,35.67115628
1091,北沢5-35-7,,,,,,,139.6685437,35.67023319,1091,139.6685437,35.67023319
1092,北沢5-34-14,,,,,,,139.6683151,35.67162613,1092,139.6683151,35.67162613
1093,北沢5-34-19,,,,,,,139.6689585,35.67129305,1093,139.6689585,35.67129305
1094,北沢5-21-7,,,,,,,139.6689514,35.67049731,1094,139.6689514,35.67049731
1095,北沢5-16-14,,,,,,,139.6687455,35.66993899,1095,139.6687455,35.66993899
1096,北沢5-16-5,,,,,,,139.6684241,35.66960306,1096,139.6684241,35.66960306
1097,北沢5-17-16,,,,,,,139.6692235,35.6699062,1097,139.6692235,35.6699062
1098,北沢5-18-4,,,,,,,139.6695208,35.66949531,1098,139.6695208,35.66949531
1099,北沢5-22-3,,,,,,,139.6700636,35.6700494,1099,139.6700636,35.6700494
1100,北沢5-23-24,,,,,,,139.6705234,35.67028131,1100,139.6705234,35.67028131
1101,北沢5-23-30,,,,,,,139.6711,35.66959921,1101,139.6711,35.66959921
1102,北沢5-23-2,,,,,,,139.6724859,35.669397,1102,139.6724859,35.669397
1103,北沢5-24-21,,,,,,,139.6718597,35.66994474,1103,139.6718597,35.66994474
1104,北沢5-1-14,,,,,,,139.6725307,35.66901046,1104,139.6725307,35.66901046
1105,北沢5-1-7,,,,,,,139.6720219,35.66885556,1105,139.6720219,35.66885556
1106,北沢5-26-2,,,,,,,139.671263,35.67050693,1106,139.671263,35.67050693
1107,北沢5-29-2,,,,,,,139.6711719,35.67139845,1107,139.6711719,35.67139845
1108,北沢5-29-10,,,,,,,139.6714559,35.67150339,1108,139.6714559,35.67150339
1109,北沢5-30-11,,,,,,,139.6711257,35.67165447,1109,139.6711257,35.67165447
1110,北沢5-30-8,,,,,,,139.6709253,35.67181599,1110,139.6709253,35.67181599
1111,北沢5-25-10,,,,,,,139.6706561,35.67127733,1111,139.6706561,35.67127733
1112,北沢5-32-3,,,,,,,139.6697645,35.67103978,1112,139.6697645,35.67103978
1113,北沢5-22-15,,,,,,,139.6701107,35.67068196,1113,139.6701107,35.67068196
1114,北沢5-22-9,,,,,,,139.6696471,35.6704915,1114,139.6696471,35.6704915
1115,大原1-35-15,,,,,,,139.6659844,35.67131266,1115,139.6659844,35.67131266
1116,北沢5-14-19,,,,,,,139.667421,35.66964296,1116,139.667421,35.66964296
1117,北沢5-12-13,,,,,,,139.6661517,35.66894922,1117,139.6661517,35.66894922
1118,北沢5-12-3,,,,,,,139.6675659,35.66885095,1118,139.6675659,35.66885095
1119,北沢5-11-16,,,,,,,139.6680575,35.66912573,1119,139.6680575,35.66912573
1120,北沢4-33-4,,,,,,,139.6725434,35.66833301,1120,139.6725434,35.66833301
1121,北沢4-32-28,,,,,,,139.6726828,35.66779237,1121,139.6726828,35.66779237
1122,北沢4-32-20,,,,,,,139.6714114,35.66777579,1122,139.6714114,35.66777579
1123,北沢4-32-15,,,,,,,139.6712622,35.66812857,1123,139.6712622,35.66812857
1124,北沢4-32-13,,,,,,,139.6710892,35.66799421,1124,139.6710892,35.66799421
1125,北沢4-29-3,,,,,,,139.6707421,35.66750412,1125,139.6707421,35.66750412
1126,北沢4-29-12,,,,,,,139.6700856,35.66775886,1126,139.6700856,35.66775886
1127,北沢4-7-19,,,,,,,139.66949,35.66736695,1127,139.66949,35.66736695
1128,北沢4-28-4,,,,,,,139.6698527,35.66825619,1128,139.6698527,35.66825619
1129,北沢4-26-24,,,,,,,139.668882,35.66809208,1129,139.668882,35.66809208
1130,北沢4-26-22,,,,,,,139.6687363,35.66815669,1130,139.6687363,35.66815669
1131,北沢4-24-23,,,,,,,139.6682145,35.66829299,1131,139.6682145,35.66829299
1132,北沢4-26-13,,,,,,,139.6685044,35.66793644,1132,139.6685044,35.66793644
1133,北沢4-26-9,,,,,,,139.6690359,35.6674077,1133,139.6690359,35.6674077
1134,北沢4-23-2,,,,,,,139.6686687,35.66746182,1134,139.6686687,35.66746182
1135,北沢4-24-8,,,,,,,139.6670204,35.66853399,1135,139.6670204,35.66853399
1136,北沢4-24-5,,,,,,,139.667504,35.66842226,1136,139.667504,35.66842226
1137,北沢4-20-15,,,,,,,139.6674019,35.66831792,1137,139.6674019,35.66831792
1138,北沢4-20-5,,,,,,,139.6670439,35.66791298,1138,139.6670439,35.66791298
1139,北沢4-21-17,,,,,,,139.6677136,35.66799349,1139,139.6677136,35.66799349
1140,北沢4-21-13,,,,,,,139.6671544,35.6675177,1140,139.6671544,35.6675177
1141,北沢4-17-16,,,,,,,139.6668556,35.667583,1141,139.6668556,35.667583
1142,北沢4-17-10,,,,,,,139.6660986,35.66771697,1142,139.6660986,35.66771697
1143,北沢4-16-14,,,,,,,139.6659738,35.66733624,1143,139.6659738,35.66733624
1144,北沢4-19-4,,,,,,,139.6665578,35.66830098,1144,139.6665578,35.66830098
1145,大原1-14-1,,,,,,,139.665968,35.66790293,1145,139.665968,35.66790293
1146,大原1-6-13,,,,,,,139.6642521,35.66770232,1146,139.6642521,35.66770232
1147,大原1-5-5,,,,,,,139.6634905,35.66728616,1147,139.6634905,35.66728616
1148,大原1-5-11,,,,,,,139.6631828,35.66749791,1148,139.6631828,35.66749791
1149,大原1-5-7,,,,,,,139.6629189,35.66731744,1149,139.6629189,35.66731744
1150,大原1-19-2,,,,,,,139.6635906,35.66789248,1150,139.6635906,35.66789248
1151,大原1-19-8,,,,,,,139.66296,35.66780551,1151,139.66296,35.66780551
1152,大原1-14-6,,,,,,,139.6651951,35.66799199,1152,139.6651951,35.66799199
1153,大原1-12-15,,,,,,,139.664426,35.66839959,1153,139.664426,35.66839959
1154,大原1-29-4,,,,,,,139.6628159,35.6686397,1154,139.6628159,35.6686397
1155,大原1-15-14,,,,,,,139.6657816,35.66872995,1155,139.6657816,35.66872995
1156,大原1-21-7,,,,,,,139.6624531,35.66766661,1156,139.6624531,35.66766661
1157,大原1-48-1,,,,,,,139.6629982,35.66947571,1157,139.6629982,35.66947571
1158,大原1-49-10,,,,,,,139.6630899,35.66972462,1158,139.6630899,35.66972462
1159,大原1-47-6,,,,,,,139.6626682,35.67015344,1159,139.6626682,35.67015344
1160,大原1-44-5,,,,,,,139.6632043,35.67071737,1160,139.6632043,35.67071737
1161,大原1-31-13,,,,,,,139.6645968,35.66947634,1161,139.6645968,35.66947634
1162,大原1-31-17,,,,,,,139.6649578,35.66910494,1162,139.6649578,35.66910494
1163,大原1-34-20,,,,,,,139.6659603,35.6697373,1163,139.6659603,35.6697373
1164,大原1-39-15,,,,,,,139.6653865,35.6705051,1164,139.6653865,35.6705051
1165,大原1-57-5,,,,,,,139.6628853,35.67117103,1165,139.6628853,35.67117103
1166,大原1-59-15,,,,,,,139.6622878,35.67131648,1166,139.6622878,35.67131648
1167,大原1-59-23,,,,,,,139.6624487,35.67104828,1167,139.6624487,35.67104828
1168,大原1-43-2,,,,,,,139.6635618,35.67082262,1168,139.6635618,35.67082262
1169,大原2-18-3,,,,,,,139.6593893,35.67080314,1169,139.6593893,35.67080314
1170,大原2-13-13,,,,,,,139.6604058,35.67062307,1170,139.6604058,35.67062307
1171,大原2-20-10,,,,,,,139.6613486,35.67073177,1171,139.6613486,35.67073177
1172,大原2-26-20,,,,,,,139.6592073,35.67147566,1172,139.6592073,35.67147566
1173,大原2-14-14,,,,,,,139.6600675,35.67033333,1173,139.6600675,35.67033333
1174,大原1-59-7,,,,,,,139.6616931,35.67060409,1174,139.6616931,35.67060409
1175,大原1-55-14,,,,,,,139.662315,35.67067889,1175,139.662315,35.67067889
1176,大原1-62-3,,,,,,,139.6611283,35.67183852,1176,139.6611283,35.67183852
1177,大原2-23-18,,,,,,,139.6606552,35.67216964,1177,139.6606552,35.67216964
1178,大原2-23-6,,,,,,,139.6602268,35.67159593,1178,139.6602268,35.67159593
1179,大原2-24-22,,,,,,,139.6597484,35.67207414,1179,139.6597484,35.67207414
1180,大原2-24-19,,,,,,,139.6594311,35.67207242,1180,139.6594311,35.67207242
1181,大原2-29-24,,,,,,,139.6584931,35.67083222,1181,139.6584931,35.67083222
1182,大原2-27-4,,,,,,,139.6578497,35.67099434,1182,139.6578497,35.67099434
1183,大原2-27-3,,,,,,,139.6579358,35.67122297,1183,139.6579358,35.67122297
1184,大原2-27-15,,,,,,,139.6567086,35.67126237,1184,139.6567086,35.67126237
1185,松原1-58-14,,,,,,,139.6569948,35.67107296,1185,139.6569948,35.67107296
1186,松原1-58-19,,,,,,,139.6572487,35.67071413,1186,139.6572487,35.67071413
1187,松原1-57-10,,,,,,,139.6562086,35.67107793,1187,139.6562086,35.67107793
1188,松原1-56-27,,,,,,,139.6561328,35.67070321,1188,139.6561328,35.67070321
1189,松原1-56-22,,,,,,,139.6555501,35.67082214,1189,139.6555501,35.67082214
1190,松原1-56-15,,,,,,,139.6550344,35.67032545,1190,139.6550344,35.67032545
1191,松原1-56-12,,,,,,,139.6553085,35.66994899,1191,139.6553085,35.66994899
1192,松原1-5-5,,,,,,,139.6558577,35.66948739,1192,139.6558577,35.66948739
1193,松原1-54-12,,,,,,,139.6545939,35.67047478,1193,139.6545939,35.67047478
1194,松原1-54-11,,,,,,,139.6544008,35.67046142,1194,139.6544008,35.67046142
1195,松原1-52-9,,,,,,,139.6543083,35.67022026,1195,139.6543083,35.67022026
1196,松原1-52-4,,,,,,,139.6538395,35.67023065,1196,139.6538395,35.67023065
1197,松原1-54-7,,,,,,,139.653816,35.67051103,1197,139.653816,35.67051103
1198,松原1-46-11,,,,,,,139.6531844,35.67023454,1198,139.6531844,35.67023454
1199,松原1-45-11,,,,,,,139.6526486,35.67041653,1199,139.6526486,35.67041653
1200,松原1-50-7,,,,,,,139.6539778,35.66952769,1200,139.6539778,35.66952769
1201,松原1-45-7,,,,,,,139.6521064,35.67021012,1201,139.6521064,35.67021012
1202,松原1-39-21,,,,,,,139.6521131,35.66986111,1202,139.6521131,35.66986111
1203,松原1-44-3,,,,,,,139.6524802,35.66968256,1203,139.6524802,35.66968256
1204,松原1-40-1,,,,,,,139.6521707,35.6692727,1204,139.6521707,35.6692727
1205,松原1-39-11,,,,,,,139.6511605,35.67008033,1205,139.6511605,35.67008033
1206,松原1-39-12,,,,,,,139.6514012,35.67019184,1206,139.6514012,35.67019184
1207,松原1-38-25,,,,,,,139.6512203,35.6693586,1207,139.6512203,35.6693586
1208,松原1-37-18,,,,,,,139.6506486,35.66920009,1208,139.6506486,35.66920009
1209,松原1-42-14,,,,,,,139.6528373,35.66916842,1209,139.6528373,35.66916842
1210,松原1-8-12,,,,,,,139.6537696,35.66906228,1210,139.6537696,35.66906228
1211,松原2-43-8,,,,,,,139.6495519,35.66958574,1211,139.6495519,35.66958574
1212,松原2-42-8,,,,,,,139.648944,35.66924301,1212,139.648944,35.66924301
1213,松原2-41-10,,,,,,,139.6492073,35.66869889,1213,139.6492073,35.66869889
1214,松原2-38-9,,,,,,,139.648052,35.66859887,1214,139.648052,35.66859887
1215,松原2-40-23,,,,,,,139.649054,35.66806373,1215,139.649054,35.66806373
1216,松原2-40-17,,,,,,,139.6483492,35.66811033,1216,139.6483492,35.66811033
1217,松原2-28-5,,,,,,,139.648331,35.6674469,1217,139.648331,35.6674469
1218,松原2-25-8,,,,,,,139.6494142,35.66759908,1218,139.6494142,35.66759908
1219,羽根木2-5-8,,,,,,,139.6591218,35.66764182,1219,139.6591218,35.66764182
1220,羽根木2-15-9,,,,,,,139.6586191,35.66773051,1220,139.6586191,35.66773051
1221,羽根木2-12-11,,,,,,,139.6579479,35.66734384,1221,139.6579479,35.66734384
1222,羽根木2-24-9,,,,,,,139.6571122,35.66734875,1222,139.6571122,35.66734875
1223,羽根木2-2-3,,,,,,,139.6599669,35.66794987,1223,139.6599669,35.66794987
1224,羽根木2-4-12,,,,,,,139.658837,35.66878201,1224,139.658837,35.66878201
1225,羽根木2-2-6,,,,,,,139.6595145,35.66832942,1225,139.6595145,35.66832942
1226,羽根木2-16-4,,,,,,,139.6581123,35.66823184,1226,139.6581123,35.66823184
1227,羽根木2-17-2,,,,,,,139.6578864,35.66793216,1227,139.6578864,35.66793216
1228,羽根木2-19-6,,,,,,,139.6568473,35.66790243,1228,139.6568473,35.66790243
1229,羽根木2-22-8,,,,,,,139.6556937,35.66766908,1229,139.6556937,35.66766908
1230,松原1-16-16,,,,,,,139.654261,35.66766931,1230,139.654261,35.66766931
1231,松原1-16-6,,,,,,,139.6546963,35.66728804,1231,139.6546963,35.66728804
1232,松原1-15-11,,,,,,,139.6552254,35.66783596,1232,139.6552254,35.66783596
1233,大原2-7-3,,,,,,,139.6593947,35.66921259,1233,139.6593947,35.66921259
1234,大原2-5-14,,,,,,,139.6605017,35.66884165,1234,139.6605017,35.66884165
1235,大原2-5-11,,,,,,,139.6600808,35.66901555,1235,139.6600808,35.66901555
1236,大原2-4-12,,,,,,,139.6612538,35.66899055,1236,139.6612538,35.66899055
1237,大原2-2-11,,,,,,,139.6602259,35.66830169,1237,139.6602259,35.66830169
1238,大原2-2-7,,,,,,,139.6604154,35.66794916,1238,139.6604154,35.66794916
1239,大原2-2-2,,,,,,,139.660602,35.6675348,1239,139.660602,35.6675348
1240,大原2-1-16,,,,,,,139.6611215,35.6680706,1240,139.6611215,35.6680706
1241,大原2-1-10,,,,,,,139.6611752,35.66835875,1241,139.6611752,35.66835875
1242,大原2-11-9,,,,,,,139.6614356,35.6702996,1242,139.6614356,35.6702996
1243,大原2-10-9,,,,,,,139.6613335,35.66976737,1243,139.6613335,35.66976737
1244,大原2-10-1,,,,,,,139.6613594,35.66955811,1244,139.6613594,35.66955811
1245,大原1-9-10,,,,,,,139.6657631,35.66737336,1245,139.6657631,35.66737336
1246,大原1-62-6,,,,,,,139.6609132,35.672277,1246,139.6609132,35.672277
1247,大原1-56-4,,,,,,,139.6617135,35.67020896,1247,139.6617135,35.67020896
1248,大原1-54-12,,,,,,,139.6622517,35.66988081,1248,139.6622517,35.66988081
1249,大原1-54-6,,,,,,,139.6616883,35.66973615,1249,139.6616883,35.66973615
1250,大原1-53-9,,,,,,,139.6619989,35.6694852,1250,139.6619989,35.6694852
1251,大原1-53-5,,,,,,,139.6616062,35.66931536,1251,139.6616062,35.66931536
1252,大原1-46-1,,,,,,,139.6637226,35.67012996,1252,139.6637226,35.67012996
1253,大原1-42-18,,,,,,,139.6646186,35.67085881,1253,139.6646186,35.67085881
1254,大原1-42-13,,,,,,,139.6645655,35.67144544,1254,139.6645655,35.67144544
1255,大原1-33-7,,,,,,,139.6648442,35.66961712,1255,139.6648442,35.66961712
1256,大原1-27-4,,,,,,,139.6614923,35.66876861,1256,139.6614923,35.66876861
1257,大原1-25-3,,,,,,,139.6613531,35.6679789,1257,139.6613531,35.6679789
1258,大原1-23-22,,,,,,,139.6619272,35.66747883,1258,139.6619272,35.66747883
1259,大原1-23-15,,,,,,,139.6612701,35.66736693,1259,139.6612701,35.66736693
1260,大原1-22-12,,,,,,,139.6618858,35.66791746,1260,139.6618858,35.66791746
1261,大原1-18-9,,,,,,,139.663621,35.66833059,1261,139.663621,35.66833059
1262,松原2-25-12,,,,,,,139.6499237,35.66763096,1262,139.6499237,35.66763096
1263,松原2-22-18,,,,,,,139.650332,35.66810138,1263,139.650332,35.66810138
1264,松原1-9-19,,,,,,,139.6545113,35.66870094,1264,139.6545113,35.66870094
1265,松原1-9-18,,,,,,,139.6543149,35.66883432,1265,139.6543149,35.66883432
1266,松原1-7-11,,,,,,,139.6536072,35.66815967,1266,139.6536072,35.66815967
1267,松原1-7-9,,,,,,,139.6534949,35.66849256,1267,139.6534949,35.66849256
1268,松原1-7-16,,,,,,,139.6532384,35.66843088,1268,139.6532384,35.66843088
1269,松原1-4-8,,,,,,,139.6552265,35.66906318,1269,139.6552265,35.66906318
1270,松原1-32-4,,,,,,,139.6519621,35.66810853,1270,139.6519621,35.66810853
1271,松原1-2-8,,,,,,,139.6551109,35.6685019,1271,139.6551109,35.6685019
1272,松原1-11-21,,,,,,,139.653156,35.66775347,1272,139.653156,35.66775347
1273,松原1-1-20,,,,,,,139.6559733,35.66827188,1273,139.6559733,35.66827188
1274,羽根木2-4-8,,,,,,,139.6585047,35.66844567,1274,139.6585047,35.66844567
1275,羽根木1-10-11,,,,,,,139.6606896,35.6673789,1275,139.6606896,35.6673789
1276,羽根木1-11-10,,,,,,,139.660963,35.66728338,1276,139.660963,35.66728338
1277,大原1-32-11,,,,,,,139.6654956,35.66936826,1277,139.6654956,35.66936826
1278,北沢5-28-3,,,,,,,139.6721815,35.67137718,1278,139.6721815,35.67137718
1279,北沢5-26-5,,,,,,,139.6720926,35.6705734,1279,139.6720926,35.6705734
1280,代田3-51-3,,,,,,,139.6588205,35.6560877,1280,139.6588205,35.6560877
1281,豪徳寺2－1－9,,,,,,,139.6475008,35.6452966,1281,139.6475008,35.6452966
