管理番号,消火器種別,所在,経度,緯度,備考
国-4-1,強化液消火器（３型）,東京都台東区三ﾉ輪1-28-12,139.7916378,35.72963814,
国-4-2,強化液消火器（３型）,東京都台東区三ﾉ輪1-28-7,139.7912498,35.72922681,
国-4-3,強化液消火器（３型）,東京都台東区竜泉2-20-9,139.7903147,35.7282378,
国-4-4,強化液消火器（３型）,東京都台東区竜泉2-18-6,139.7896113,35.72725697,
国-4-5,強化液消火器（３型）,東京都台東区竜泉2-17-10,139.7891596,35.72663963,
国-4-6,強化液消火器（３型）,東京都台東区竜泉2-7-6,139.7883045,35.72545385,
国-4-7,強化液消火器（３型）,東京都台東区竜泉2-6-10,139.7880106,35.72505545,
国-4-8,強化液消火器（３型）,東京都台東区竜泉1-28-4,139.7874872,35.72430547,
国-4-9,強化液消火器（３型）,東京都台東区竜泉1-13-3,139.7870495,35.72373916,
国-4-10,強化液消火器（３型）,東京都台東区竜泉1-11-3,139.7865889,35.7231155,
国-4-11,強化液消火器（３型）,東京都台東区入谷1-27-4,139.7858533,35.72213864,
国-4-12,強化液消火器（３型）,東京都台東区入谷1-18-5,139.7851555,35.72124754,
国-4-13,強化液消火器（３型）,東京都台東区入谷1-6-6,139.7843599,35.72024498,
国-4-14,強化液消火器（３型）,東京都台東区北上野1-15-5,139.783372,35.71889825,
国-4-15,強化液消火器（３型）,東京都台東区北上野1-14-4,139.7830271,35.718459,
国-4-16,強化液消火器（３型）,東京都台東区北上野1-11-3,139.7822681,35.71754943,
国-4-17,強化液消火器（３型）,東京都台東区北上野1-8-4,139.7818956,35.71710876,
国-4-18,強化液消火器（３型）,東京都台東区北上野1-7-1,139.7813785,35.71645135,
国-4-19,強化液消火器（３型）,東京都台東区東上野4-27-2,139.7807183,35.71557464,
国-4-20,強化液消火器（３型）,東京都台東区東上野4-26-4,139.7801952,35.71481871,
国-4-21,強化液消火器（３型）,東京都台東区東上野4-10-7,139.779756,35.71417185,
国-4-22,強化液消火器（３型）,東京都台東区東上野4-8,139.7793107,35.71354413,
国-4-23,強化液消火器（３型）,東京都台東区東上野4-3-6,139.7785709,35.71250818,
国-4-24,強化液消火器（３型）,東京都台東区東上野3-19-6,139.7777651,35.7116915,
国-4-25,強化液消火器（３型）,東京都台東区東上野3-18-6,139.7771131,35.71122242,
国-4-26,強化液消火器（３型）,東京都台東区東上野2-18-7,139.7767885,35.71050242,
国-4-27,強化液消火器（３型）,東京都台東区東上野2-16-1,139.7767104,35.70943485,
国-4-28,強化液消火器（３型）,東京都台東区東上野1-14-5,139.7765531,35.70806482,
国-4-29,強化液消火器（３型）,東京都台東区台東4-33-2,139.7764764,35.70739222,
国-4-30,強化液消火器（３型）,東京都台東区台東3-42-4,139.7762877,35.70556635,
国-4-31,強化液消火器（３型）,東京都台東区台東3-41-4,139.7762834,35.70521139,
国-4-32,強化液消火器（３型）,東京都台東区台東2-28-3,139.7761625,35.7040343,
国-4-33,強化液消火器（３型）,東京都台東区台東2-9-4,139.7760702,35.7032091,
国-4-34,強化液消火器（３型）,東京都台東区上野5-1-9,139.7755941,35.70288868,
国-4-35,強化液消火器（３型）,東京都台東区上野5-6-10,139.7757279,35.70394348,
国-4-36,強化液消火器（３型）,東京都台東区上野5-14-11,139.7757872,35.70449561,
国-4-37,強化液消火器（３型）,東京都台東区上野5-23-10,139.7759732,35.70645905,
国-4-38,強化液消火器（３型）,東京都台東区上野5-24-11,139.7760954,35.70744926,
国-4-39,強化液消火器（３型）,東京都台東区上野6-1-11,139.7761656,35.70831278,
国-4-40,強化液消火器（３型）,東京都台東区上野6-7-22,139.7762395,35.70899014,
国-4-41,強化液消火器（３型）,東京都台東区上野6-7-16,139.7763324,35.70990091,
国-4-42,強化液消火器（３型）,東京都台東区上野6-16-18,139.7764009,35.71070586,
国-4-43,強化液消火器（３型）,東京都台東区上野7-3-9,139.7780629,35.7124021,
国-4-44,強化液消火器（３型）,東京都台東区上野7-5-8,139.7785595,35.71309605,
国-4-45,強化液消火器（３型）,東京都台東区上野7-6-10,139.7788592,35.71352984,
国-4-46,強化液消火器（３型）,東京都台東区上野7-8-20,139.7794104,35.71431957,
国-4-47,強化液消火器（３型）,東京都台東区上野7-9-13,139.7801993,35.71542882,
国-4-48,強化液消火器（３型）,東京都台東区上野7-12-10,139.7806374,35.71604511,
国-4-49,強化液消火器（３型）,東京都台東区上野7-13-12,139.7812547,35.71686253,
国-4-50,強化液消火器（３型）,東京都台東区下谷1-3-11,139.7821133,35.71797116,
国-4-51,強化液消火器（３型）,東京都台東区下谷1-10-9,139.7827556,35.7187788,
国-4-52,強化液消火器（３型）,東京都台東区下谷1-11-13,139.7834635,35.71967224,
国-4-53,強化液消火器（３型）,東京都台東区下谷2-1-9,139.7840631,35.72029493,
国-4-54,強化液消火器（３型）,東京都台東区下谷2-8-9,139.7847322,35.72116959,
国-4-55,強化液消火器（３型）,東京都台東区下谷2-15-13,139.7852053,35.721767,
国-4-56,強化液消火器（３型）,東京都台東区下谷3-1-32,139.7861701,35.72303172,
国-4-57,強化液消火器（３型）,東京都台東区下谷3-1-25,139.7866956,35.72373718,
国-4-58,強化液消火器（３型）,東京都台東区下谷3-10-8,139.787318,35.72453689,
国-4-59,強化液消火器（３型）,東京都台東区下谷3-11-11,139.7875605,35.72506884,
国-4-60,強化液消火器（３型）,東京都台東区下谷3-16-12,139.7879284,35.72541457,
国-4-61,強化液消火器（３型）,東京都台東区下谷3-17-10,139.7887968,35.72659288,
国-4-62,強化液消火器（３型）,東京都台東区下谷3-20-12,139.7894796,35.7275798,
国-4-63,強化液消火器（３型）,東京都台東区根岸5-18-16,139.7902959,35.72866183,
国-4-64,強化液消火器（３型）,東京都台東区根岸5-19-10,139.7909842,35.72933751,
国-4-65,強化液消火器（３型）,東京都台東区根岸5-22-10,139.7914324,35.72986355,
国-4-66,強化液消火器（３型）,東京都台東区東上野1-14-14,139.776939,35.70767184,
国-4-67,強化液消火器（３型）,東京都台東区台東4-32-5,139.7768816,35.70749732,
国-6-1,強化液消火器（３型）,東京都台東区花川戸2-15-3,139.8017446,35.7149336,
国-6-2,強化液消火器（３型）,東京都台東区花川戸2-2-6,139.8011792,35.71428071,
国-6-3,強化液消火器（３型）,東京都台東区花川戸1-12-6,139.8003638,35.71339598,
国-6-4,強化液消火器（３型）,東京都台東区花川戸1-11-6,139.7997699,35.71287116,
国-6-5,強化液消火器（３型）,東京都台東区花川戸1-3-3,139.7987245,35.71181878,
国-6-6,強化液消火器（３型）,東京都台東区花川戸1-2-3,139.7980773,35.71104637,
国-6-7,強化液消火器（３型）,東京都台東区雷門2-20-4,139.7975166,35.71024812,
国-6-8,強化液消火器（３型）,東京都台東区雷門2-2-8,139.7970904,35.70960923,
国-6-9,強化液消火器（３型）,東京都台東区雷門2-2-3,139.7964535,35.70892,
国-6-10,強化液消火器（３型）,東京都台東区駒形2-6-9,139.7954948,35.70762701,
国-6-11,強化液消火器（３型）,東京都台東区駒形2-6-3,139.795109,35.70709101,
国-6-12,強化液消火器（３型）,東京都台東区駒形2-5-4,139.7948133,35.70668414,
国-6-13,強化液消火器（３型）,東京都台東区駒形2-4-6,139.7939669,35.70564682,
国-6-14,強化液消火器（３型）,東京都台東区蔵前2-17-4,139.7930321,35.70481512,
国-6-15,強化液消火器（３型）,東京都台東区蔵前2-13-2,139.7921298,35.70407149,
国-6-16,強化液消火器（３型）,東京都台東区蔵前2-6-4,139.791655,35.70366949,
国-6-17,強化液消火器（３型）,東京都台東区蔵前2-5-3,139.7909319,35.70306896,
国-6-18,強化液消火器（３型）,東京都台東区蔵前2-3-4,139.7900225,35.70229683,
国-6-19,強化液消火器（３型）,東京都台東区蔵前2-2-4,139.789551,35.70187574,
国-6-20,強化液消火器（３型）,東京都台東区蔵前1-5-6,139.7886365,35.70060705,
国-6-21,強化液消火器（３型）,東京都台東区柳橋2-15-3,139.7881122,35.69987836,
国-6-22,強化液消火器（３型）,東京都台東区柳橋2-7-3,139.7874632,35.69891921,
国-6-23,強化液消火器（３型）,東京都台東区柳橋1-23-6,139.7870403,35.69827861,
国-6-24,強化液消火器（３型）,東京都台東区柳橋1-20-4,139.7866557,35.69766623,
国-6-25,強化液消火器（３型）,東京都台東区浅草橋1-9-14,139.7857432,35.69672085,
国-6-26,強化液消火器（３型）,東京都台東区浅草橋1-18-10,139.786249,35.6975524,
国-6-27,強化液消火器（３型）,東京都台東区浅草橋1-30-9,139.7867354,35.69834864,
国-6-28,強化液消火器（３型）,東京都台東区浅草橋2-29-15,139.7873087,35.69919653,
国-6-29,強化液消火器（３型）,東京都台東区浅草橋2-29-11,139.7875829,35.69959723,
国-6-30,強化液消火器（３型）,東京都台東区浅草橋3-20-18,139.7882692,35.70058916,
国-6-31,強化液消火器（３型）,東京都台東区浅草橋3-20-12,139.788752,35.70126329,
国-6-32,強化液消火器（３型）,東京都台東区蔵前4-5-10,139.78929,35.7020256,
国-6-33,強化液消火器（３型）,東京都台東区蔵前3-1-13,139.7901322,35.70284744,
国-6-34,強化液消火器（３型）,東京都台東区蔵前3-5-10,139.7914012,35.7037338,
国-6-35,強化液消火器（３型）,東京都台東区蔵前3-13-13,139.7922674,35.70446201,
国-6-36,強化液消火器（３型）,東京都台東区蔵前3-21-5,139.7928956,35.7049981,
国-6-37,強化液消火器（３型）,東京都台東区駒形1-1-12,139.7934251,35.70543515,
国-6-38,強化液消火器（３型）,東京都台東区駒形1-3-12,139.7942863,35.70635194,
国-6-39,強化液消火器（３型）,東京都台東区駒形1-4-16,139.7946746,35.7068707,
国-6-40,強化液消火器（３型）,東京都台東区駒形1-7-11,139.7952707,35.70771907,
国-6-41,強化液消火器（３型）,東京都台東区駒形1-12-14,139.7957262,35.70841628,
国-6-42,強化液消火器（３型）,東京都台東区雷門2-3-2,139.7964462,35.70922626,
国-6-43,強化液消火器（３型）,東京都台東区雷門2-19-17,139.7971096,35.71002287,
国-6-44,強化液消火器（３型）,東京都台東区花川戸1-4-1,139.7979644,35.71122859,
国-6-45,強化液消火器（３型）,東京都台東区花川戸1-4-1,139.7989358,35.71239389,
国-6-46,強化液消火器（３型）,東京都台東区花川戸1-10-14,139.7994648,35.71287422,
国-6-47,強化液消火器（３型）,東京都台東区花川戸1-13-14,139.7999994,35.71334626,
国-6-48,強化液消火器（３型）,東京都台東区花川戸2-3-11,139.8005755,35.71388902,
国-6-49,強化液消火器（３型）,東京都台東区花川戸2-16-1,139.8014163,35.71488451,
都-306-1,強化液消火器（３型）,東京都台東区橋場2-17-3,139.8083574,35.72809318,
都-306-2,強化液消火器（３型）,東京都台東区橋場2-18,139.80708,35.72825774,
都-306-3,強化液消火器（３型）,東京都台東区橋場2-22-12,139.8060887,35.72837802,
都-306-4,強化液消火器（３型）,東京都台東区清川2-24-11,139.8052311,35.72847962,
都-306-5,強化液消火器（３型）,東京都台東区清川2-25-19,139.8039098,35.72865993,
都-306-6,強化液消火器（３型）,東京都台東区清川2-25-13,139.8029096,35.72880856,
都-306-7,強化液消火器（３型）,東京都台東区清川2-36-6,139.8018668,35.72896875,
都-306-8,強化液消火器（３型）,東京都台東区清川2-38-14,139.8007993,35.72899651,
都-306-9,強化液消火器（３型）,東京都台東区清川2-39-6,139.7997626,35.72892443,
都-306-10,強化液消火器（３型）,東京都台東区日本堤2-30-9,139.7984347,35.72886457,
都-306-11,強化液消火器（３型）,東京都台東区日本堤2-31-10,139.7970374,35.72880762,
都-306-12,強化液消火器（３型）,東京都台東区日本堤2-35-9,139.7956882,35.72875841,
都-306-13,強化液消火器（３型）,東京都台東区日本堤2-36-7,139.7945797,35.72870623,
都-306-14,強化液消火器（３型）,東京都台東区三ﾉ輪1-26-12,139.793156,35.72890135,
都-306-15,強化液消火器（３型）,東京都台東区三ﾉ輪1-28-15,139.7920283,35.72969052,
都-306-16,強化液消火器（３型）,東京都台東区根岸5-21,139.7912033,35.73021428,
都-306-17,強化液消火器（３型）,東京都台東区根岸5-25-2,139.7911615,35.73059503,
都-306-18,強化液消火器（３型）,東京都台東区三ﾉ輪2-14-6,139.792251,35.7298875,
都-306-19,強化液消火器（３型）,東京都台東区三ﾉ輪2-5-4,139.7929621,35.7293932,
都-306-20,強化液消火器（３型）,東京都台東区三ﾉ輪2-4-2,139.7938512,35.72891265,
都-313-1,強化液消火器（３型）,東京都台東区根岸3-25-7,139.7789656,35.72466822,
都-313-2,強化液消火器（３型）,東京都台東区根岸3-9-7,139.7785923,35.72358261,
都-313-3,強化液消火器（３型）,東京都台東区根岸2-14-1,139.7783365,35.72362664,
都-313-4,強化液消火器（３型）,東京都台東区根岸2-18-24,139.7788311,35.72476103,
都-314-1,強化液消火器（３型）,東京都台東区橋場2-1-19,139.8085782,35.72784061,
都-314-2,強化液消火器（３型）,東京都台東区橋場2-1-13,139.8084517,35.72700681,
都-314-3,強化液消火器（３型）,東京都台東区橋場2-1-4,139.8080686,35.72581648,
都-314-4,強化液消火器（３型）,東京都台東区橋場1-36-11,139.8078357,35.72500287,
都-314-5,強化液消火器（３型）,東京都台東区橋場1-36-7,139.807728,35.72447395,
都-314-6,強化液消火器（３型）,東京都台東区橋場1-1-15,139.8076189,35.7239171,
都-314-7,強化液消火器（３型）,東京都台東区今戸2-26-12,139.8072188,35.72214252,
都-314-8,強化液消火器（３型）,東京都台東区今戸2-1-8,139.8068203,35.72092673,
都-314-9,強化液消火器（３型）,東京都台東区今戸1-1,139.8062433,35.72026549,
都-314-10,強化液消火器（３型）,東京都台東区今戸1-1,139.8055635,35.71961089,
都-314-11,強化液消火器（３型）,東京都台東区今戸1-1,139.8048669,35.71877231,
都-314-12,強化液消火器（３型）,東京都台東区今戸1-1-9,139.8030616,35.7203354,
都-314-13,強化液消火器（３型）,東京都台東区浅草7-1-22,139.8035152,35.71692243,
都-314-14,強化液消火器（３型）,東京都台東区浅草7-1-11,139.8026492,35.71592911,
都-314-15,強化液消火器（３型）,東京都台東区浅草7-2-2,139.802076,35.71555503,
都-314-16,強化液消火器（３型）,東京都台東区浅草7-3-13,139.8029056,35.71650695,
都-314-17,強化液消火器（３型）,東京都台東区今戸1-6-26,139.8037354,35.71752232,
都-314-18,強化液消火器（３型）,東京都台東区今戸1-2-18,139.8041244,35.71796109,
都-314-19,強化液消火器（３型）,東京都台東区今戸1-3-16,139.8047555,35.71882593,
都-314-20,強化液消火器（３型）,東京都台東区今戸1-23-11,139.8054263,35.71964499,
都-314-21,強化液消火器（３型）,東京都台東区今戸2-2-11,139.8061377,35.72032217,
都-314-22,強化液消火器（３型）,東京都台東区今戸2-25-12,139.8068194,35.72121271,
都-314-23,強化液消火器（３型）,東京都台東区今戸2-27-4,139.8070323,35.7219659,
都-314-24,強化液消火器（３型）,東京都台東区橋場1-2-10,139.8072666,35.72291357,
都-314-25,強化液消火器（３型）,東京都台東区橋場1-23-1,139.8075497,35.72424769,
都-314-26,強化液消火器（３型）,東京都台東区橋場1-24-18,139.8077051,35.72501909,
都-314-27,強化液消火器（３型）,東京都台東区橋場2-2-1,139.807941,35.72584354,
都-314-28,強化液消火器（３型）,東京都台東区橋場2-14-18,139.8083,35.72692273,
都-314-29,強化液消火器（３型）,東京都台東区橋場2-16-15,139.8084375,35.72757202,
都-315-1,強化液消火器（３型）,東京都台東区蔵前1-3-25,139.7910027,35.70139178,
都-315-2,強化液消火器（３型）,東京都台東区蔵前1-7-8,139.7897806,35.70146082,
都-315-3,強化液消火器（３型）,東京都台東区浅草橋3-25-5,139.7882881,35.70162136,
都-315-4,強化液消火器（３型）,東京都台東区浅草橋3-26-5,139.7879587,35.7016746,
都-315-5,強化液消火器（３型）,東京都台東区浅草橋3-30-7,139.7864261,35.70160722,
都-315-6,強化液消火器（３型）,東京都台東区浅草橋3-32-5,139.7856079,35.70163831,
都-315-7,強化液消火器（３型）,東京都台東区浅草橋3-34-8,139.784228,35.70178807,
都-315-8,強化液消火器（３型）,東京都台東区浅草橋5-29-6,139.7826531,35.70195894,
都-315-9,強化液消火器（３型）,東京都台東区浅草橋5-21-7,139.7812799,35.70210422,
都-315-10,強化液消火器（３型）,東京都台東区台東1-37-10,139.7803564,35.70218157,
都-315-11,強化液消火器（３型）,東京都台東区台東1-35-5,139.7792023,35.70226474,
都-315-12,強化液消火器（３型）,東京都台東区台東1-33-8,139.7782076,35.70234546,
都-315-13,強化液消火器（３型）,東京都台東区台東1-32-2,139.7774937,35.70238476,
都-315-14,強化液消火器（３型）,東京都台東区台東1-30-8,139.7762202,35.70247266,
都-315-15,強化液消火器（３型）,東京都台東区台東2-8-2,139.7761613,35.70272055,
都-315-16,強化液消火器（３型）,東京都台東区台東2-6-1,139.7778297,35.70259834,
都-315-17,強化液消火器（３型）,東京都台東区台東2-4-3,139.7789518,35.70250395,
都-315-18,強化液消火器（３型）,東京都台東区台東2-2-1,139.7804445,35.70238254,
都-315-19,強化液消火器（３型）,東京都台東区鳥越1-8-1,139.7812883,35.70230726,
都-315-20,強化液消火器（３型）,東京都台東区鳥越1-4-1,139.7826851,35.70216657,
都-315-21,強化液消火器（３型）,東京都台東区鳥越1-2-2,139.7834049,35.70208339,
都-315-22,強化液消火器（３型）,東京都台東区鳥越2-6-2,139.7846133,35.70194593,
都-315-23,強化液消火器（３型）,東京都台東区鳥越2-4-1,139.7858401,35.70181061,
都-315-24,強化液消火器（３型）,東京都台東区鳥越2-2-5,139.7866581,35.70182366,
都-315-25,強化液消火器（３型）,東京都台東区鳥越2-1-1,139.7876957,35.70187387,
都-315-26,強化液消火器（３型）,東京都台東区蔵前4-2-1,139.7884709,35.70179405,
都-315-27,強化液消火器（３型）,東京都台東区蔵前2-1-15,139.7908012,35.70157755,
都-315-28,強化液消火器（３型）,東京都台東区蔵前2-1-1,139.7922816,35.70153281,
都-319-1,強化液消火器（３型）,東京都台東区花川戸2-16-8,139.8011648,35.7151512,
都-319-2,強化液消火器（３型）,東京都台東区花川戸2-18-5,139.7999543,35.71542205,
都-319-3,強化液消火器（３型）,東京都台東区花川戸2-21-3,139.7986478,35.71549604,
都-319-4,強化液消火器（３型）,東京都台東区浅草2-31-13,139.7979939,35.71586457,
都-319-5,強化液消火器（３型）,東京都台東区浅草2-30-17,139.7971956,35.71605342,
都-319-6,強化液消火器（３型）,東京都台東区浅草2-30-17,139.7962962,35.71628268,
都-319-7,強化液消火器（３型）,東京都台東区浅草2-27-9,139.7951324,35.71657677,
都-319-8,強化液消火器（３型）,東京都台東区浅草2-21-7,139.7936426,35.71696139,
都-319-9,強化液消火器（３型）,東京都台東区西浅草3-28-19,139.792244,35.71730999,
都-319-10,強化液消火器（３型）,東京都台東区西浅草3-28-14,139.7915404,35.71749434,
都-319-11,強化液消火器（３型）,東京都台東区西浅草3-29-19,139.7904935,35.71775772,
都-319-12,強化液消火器（３型）,東京都台東区松が谷4-25-8,139.7890702,35.71810271,
都-319-13,強化液消火器（３型）,東京都台東区松が谷4-26-11,139.7882736,35.71836236,
都-319-14,強化液消火器（３型）,東京都台東区松が谷4-27-15,139.787335,35.71866289,
都-319-15,強化液消火器（３型）,東京都台東区松が谷4-28-8,139.7862321,35.71901817,
都-319-16,強化液消火器（３型）,東京都台東区北上野2-31-7,139.7849818,35.71941619,
都-319-17,強化液消火器（３型）,東京都台東区北上野2-30-8,139.784429,35.71958889,
都-319-18,強化液消火器（３型）,東京都台東区下谷1-12-16,139.7832469,35.71994176,
都-319-19,強化液消火器（３型）,東京都台東区下谷1-12-12,139.7822289,35.72026706,
都-319-20,強化液消火器（３型）,東京都台東区下谷1-13-10,139.781714,35.72042135,
都-319-21,強化液消火器（３型）,東京都台東区根岸1-1-24,139.7810673,35.72073493,
都-319-22,強化液消火器（３型）,東京都台東区根岸1-1-19,139.7805796,35.72111543,
都-319-23,強化液消火器（３型）,東京都台東区根岸1-2-14,139.7799123,35.72184508,
都-319-24,強化液消火器（３型）,東京都台東区根岸1-5-13,139.7791799,35.72255375,
都-319-25,強化液消火器（３型）,東京都台東区根岸1-9-8,139.7779893,35.72302931,
都-319-26,強化液消火器（３型）,東京都台東区根岸1-10-12,139.7771016,35.7233418,
都-319-27,強化液消火器（３型）,東京都台東区上野桜木1-15-6,139.7750134,35.72307831,
都-319-28,強化液消火器（３型）,東京都台東区上野桜木1-14-22,139.7743082,35.72256978,
都-319-29,強化液消火器（３型）,東京都台東区上野桜木1-14-15,139.77344,35.72192389,
都-319-30,強化液消火器（３型）,東京都台東区上野桜木1-12-12,139.7724722,35.72157153,
都-319-31,強化液消火器（３型）,東京都台東区上野桜木1-11-10,139.7711122,35.72113118,
都-319-32,強化液消火器（３型）,東京都台東区上野桜木1-10-19,139.7701999,35.72087342,
都-319-33,強化液消火器（３型）,東京都台東区谷中1-1-30,139.7693403,35.72055647,
都-319-34,強化液消火器（３型）,東京都台東区谷中1-1-23,139.7683031,35.71987594,
都-319-35,強化液消火器（３型）,東京都台東区谷中1-1-16,139.7676758,35.71947208,
都-319-36,強化液消火器（３型）,東京都台東区谷中1-2-12,139.7666369,35.71883505,
都-319-37,強化液消火器（３型）,東京都台東区谷中1-3-2,139.7667379,35.71900304,
都-319-38,強化液消火器（３型）,東京都台東区谷中1-5-7,139.7679003,35.7197186,
都-319-39,強化液消火器（３型）,東京都台東区谷中1-5-2,139.7686996,35.72024426,
都-319-40,強化液消火器（３型）,東京都台東区谷中6-1-8,139.769672,35.72080977,
都-319-41,強化液消火器（３型）,東京都台東区上野桜木2-9-8,139.7719142,35.72146166,
都-319-42,強化液消火器（３型）,東京都台東区上野桜木2-6-4,139.7731505,35.72190741,
都-319-43,強化液消火器（３型）,東京都台東区上野桜木2-6-19,139.7738094,35.72229977,
都-319-44,強化液消火器（３型）,東京都台東区上野桜木2-1-1,139.7753784,35.72345603,
都-319-45,強化液消火器（３型）,東京都台東区根岸2-3-2,139.7767678,35.72377317,
都-319-46,強化液消火器（３型）,東京都台東区根岸2-1-9,139.7781418,35.72332229,
都-319-47,強化液消火器（３型）,東京都台東区根岸3-8-4,139.7786185,35.72312049,
都-319-48,強化液消火器（３型）,東京都台東区根岸3-6-1,139.7802109,35.72200536,
都-319-49,強化液消火器（３型）,東京都台東区根岸3-4-1,139.7806933,35.72146643,
都-319-50,強化液消火器（３型）,東京都台東区下谷2-4-1,139.7820139,35.72058892,
都-319-51,強化液消火器（３型）,東京都台東区下谷2-3-2,139.7826827,35.72037253,
都-319-52,強化液消火器（３型）,東京都台東区下谷2-1-2,139.7834494,35.72012533,
都-319-53,強化液消火器（３型）,東京都台東区入谷1-5-3,139.7847481,35.71970889,
都-319-54,強化液消火器（３型）,東京都台東区入谷1-4-3,139.7854888,35.71946992,
都-319-55,強化液消火器（３型）,東京都台東区入谷1-3-2,139.7863787,35.71919557,
都-319-56,強化液消火器（３型）,東京都台東区入谷1-1-3,139.7873889,35.71886374,
都-319-57,強化液消火器（３型）,東京都台東区入谷2-1-3,139.7889614,35.71836963,
都-319-58,強化液消火器（３型）,東京都台東区千束1-9-6,139.7897768,35.71813076,
都-319-59,強化液消火器（３型）,東京都台東区千束1-7-1,139.7908989,35.71783347,
都-319-60,強化液消火器（３型）,東京都台東区千束1-1-3,139.7921673,35.71753344,
都-319-61,強化液消火器（３型）,東京都台東区浅草3-12-1,139.7930924,35.71729718,
都-319-62,強化液消火器（３型）,東京都台東区浅草3-9-4,139.794591,35.7169029,
都-319-63,強化液消火器（３型）,東京都台東区浅草3-8-2,139.7951393,35.71676491,
都-319-64,強化液消火器（３型）,東京都台東区浅草3-5-2,139.7964585,35.71642487,
都-319-65,強化液消火器（３型）,東京都台東区浅草3-4-2,139.7971338,35.71625727,
都-319-66,強化液消火器（３型）,東京都台東区浅草3-3-1,139.7977694,35.71609828,
都-319-67,強化液消火器（３型）,東京都台東区浅草6-9-2,139.799297,35.71575654,
都-319-68,強化液消火器（３型）,東京都台東区浅草6-5-1,139.8005358,35.71547879,
都-319-69,強化液消火器（３型）,東京都台東区浅草6-1-3,139.8014006,35.71528183,
都-373-1,強化液消火器（３型）,東京都台東区蔵前3-21-5,139.7929797,35.70525067,
都-373-2,強化液消火器（３型）,東京都台東区蔵前3-22-8,139.792001,35.70557148,
都-373-3,強化液消火器（３型）,東京都台東区蔵前3-17-7,139.7910318,35.70589895,
都-373-4,強化液消火器（３型）,東京都台東区蔵前4-33-7,139.789805,35.70612536,
都-373-5,強化液消火器（３型）,東京都台東区蔵前4-37-9,139.7883052,35.70628307,
都-373-6,強化液消火器（３型）,東京都台東区三筋2-24-8,139.7873899,35.70637615,
都-373-7,強化液消火器（３型）,東京都台東区三筋2-21-8,139.7855824,35.70656387,
都-373-8,強化液消火器（３型）,東京都台東区小島2-18-14,139.7841382,35.70672304,
都-373-9,強化液消火器（３型）,東京都台東区小島2-21-10,139.7825104,35.70688919,
都-373-10,強化液消火器（３型）,東京都台東区台東4-25-8,139.7810658,35.7070453,
都-373-11,強化液消火器（３型）,東京都台東区台東4-26-8,139.7806942,35.70708452,
都-373-12,強化液消火器（３型）,東京都台東区台東4-28-11,139.779667,35.70717061,
都-373-13,強化液消火器（３型）,東京都台東区台東4-29-12,139.7786291,35.70730956,
都-373-14,強化液消火器（３型）,東京都台東区台東4-31-7,139.7773647,35.70744197,
都-373-17,強化液消火器（３型）,東京都台東区東上野1-12-1,139.7780122,35.70756292,
都-373-18,強化液消火器（３型）,東京都台東区東上野1-8-1,139.7793851,35.70740656,
都-373-19,強化液消火器（３型）,東京都台東区東上野1-6-1,139.7803566,35.7073115,
都-373-20,強化液消火器（３型）,東京都台東区東上野1-2-13,139.7812895,35.70720671,
都-373-21,強化液消火器（３型）,東京都台東区元浅草1-5-3,139.7823548,35.70707568,
都-373-22,強化液消火器（３型）,東京都台東区元浅草1-4-1,139.7834903,35.70695944,
都-373-23,強化液消火器（３型）,東京都台東区元浅草1-1-3,139.7845532,35.70684702,
都-373-24,強化液消火器（３型）,東京都台東区元浅草3-6-1,139.7853239,35.7067654,
都-373-25,強化液消火器（３型）,東京都台東区元浅草3-3-1,139.7864635,35.70665295,
都-373-26,強化液消火器（３型）,東京都台東区元浅草3-1-3,139.7873743,35.70655138,
都-373-27,強化液消火器（３型）,東京都台東区寿1-11-2,139.7885249,35.70643252,
都-373-28,強化液消火器（３型）,東京都台東区寿1-2-4,139.7895935,35.70631431,
都-373-29,強化液消火器（３型）,東京都台東区寿3-6-1,139.7914032,35.70595944,
都-373-30,強化液消火器（３型）,東京都台東区駒形1-1-2,139.7928906,35.70544464,
都-373-31,強化液消火器（３型）,東京都台東区駒形2-3-4,139.7937196,35.70513446,
都-437-1,強化液消火器（３型）,東京都台東区上野4-10-9,139.7744456,35.7113804,
都-437-2,強化液消火器（３型）,東京都台東区上野4-10-7,139.774199,35.71094429,
都-437-3,強化液消火器（３型）,東京都台東区上野4-9-6,139.7738019,35.71020935,
都-437-4,強化液消火器（３型）,東京都台東区上野4-5-4,139.7734229,35.70884878,
都-437-5,強化液消火器（３型）,東京都台東区上野4-4-4,139.7732897,35.70830273,
都-437-6,強化液消火器（３型）,東京都台東区上野3-24-4,139.7728744,35.70693366,
都-437-7,強化液消火器（３型）,東京都台東区上野3-17-7,139.7724408,35.70618118,
都-437-8,強化液消火器（３型）,東京都台東区上野3-16-5,139.7722071,35.7056522,
都-437-9,強化液消火器（３型）,東京都台東区上野1-10-12,139.7718936,35.70589961,
都-437-10,強化液消火器（３型）,東京都台東区上野1-19-4,139.7722948,35.70648834,
都-437-11,強化液消火器（３型）,東京都台東区上野1-20-11,139.772786,35.70746419,
都-437-12,強化液消火器（３型）,東京都台東区上野2-6-11,139.7730849,35.70871534,
都-437-13,強化液消火器（３型）,東京都台東区上野2-7-11,139.7732195,35.70925804,
都-437-14,強化液消火器（３型）,東京都台東区上野2-12-1,139.773246,35.70961344,
都-437-15,強化液消火器（３型）,東京都台東区上野2-11-20,139.7711567,35.70944999,
都-437-16,強化液消火器（３型）,東京都台東区池之端1-1-14,139.7696658,35.7091775,
都-437-17,強化液消火器（３型）,東京都台東区池之端1-2-18,139.7687108,35.71017945,
都-437-18,強化液消火器（３型）,東京都台東区池之端1-4-30,139.768579,35.71122102,
都-437-19,強化液消火器（３型）,東京都台東区池之端1-4,139.7684565,35.71219108,
都-437-20,強化液消火器（３型）,東京都台東区池之端2-1-42,139.7681089,35.71343926,
都-437-21,強化液消火器（３型）,東京都台東区池之端2-2-8,139.767535,35.71482065,
都-437-22,強化液消火器（３型）,東京都台東区池之端2-7-18,139.7668313,35.71590553,
都-437-23,強化液消火器（３型）,東京都台東区池之端2-7-13,139.7664385,35.71651164,
都-437-24,強化液消火器（３型）,東京都台東区池之端2-8,139.7671079,35.7158281,
都-437-25,強化液消火器（３型）,東京都台東区池之端2-9-38,139.767287,35.71561447,
都-437-26,強化液消火器（３型）,東京都台東区池之端2-9-1,139.7678284,35.71474846,
都-437-27,強化液消火器（３型）,東京都台東区上野公園3,139.7681931,35.71386733,
都-437-28,強化液消火器（３型）,東京都台東区上野公園2-43,139.7685849,35.71275492,
都-437-29,強化液消火器（３型）,東京都台東区上野公園2,139.7686833,35.71221137,
都-437-30,強化液消火器（３型）,東京都台東区上野公園2,139.7688584,35.7105775,
都-437-31,強化液消火器（３型）,東京都台東区上野公園2,139.7694685,35.70959052,
都-437-32,強化液消火器（３型）,東京都台東区上野公園2,139.7702591,35.70946911,
都-437-33,強化液消火器（３型）,東京都台東区上野公園2,139.7723386,35.7098688,
都-437-34,強化液消火器（３型）,東京都台東区上野2-13-12,139.7733907,35.71003463,
都-437-35,強化液消火器（３型）,東京都台東区上野公園1,139.7738516,35.71084354,
都-452-1,強化液消火器（３型）,東京都台東区上野7-15,139.7803275,35.71684222,
都-452-2,強化液消火器（３型）,東京都台東区上野7-15,139.7789753,35.71559496,
都-452-3,強化液消火器（３型）,東京都台東区上野公園7-32,139.7775323,35.71641125,
都-452-9,強化液消火器（３型）,東京都台東区谷中6-1-23,139.770529,35.7218241,
都-452-10,強化液消火器（３型）,東京都台東区谷中6-2-41,139.7704214,35.72211126,
都-452-11,強化液消火器（３型）,東京都台東区谷中6-2-35,139.7700507,35.72275596,
都-452-12,強化液消火器（３型）,東京都台東区谷中6-3-10,139.7690729,35.72350936,
都-452-13,強化液消火器（３型）,東京都台東区谷中4-2-37,139.7678651,35.72363442,
都-452-14,強化液消火器（３型）,東京都台東区谷中4-4-33,139.7668253,35.72372627,
都-452-15,強化液消火器（３型）,東京都台東区谷中4-4-27,139.7658245,35.72399214,
都-452-16,強化液消火器（３型）,東京都台東区谷中2-18-8,139.7647761,35.72442337,
都-452-17,強化液消火器（３型）,東京都台東区谷中3-2-3,139.764532,35.72457601,
都-452-18,強化液消火器（３型）,東京都台東区谷中3-1-4,139.7652305,35.72433421,
都-452-19,強化液消火器（３型）,東京都台東区谷中5-4-9,139.7664443,35.72389736,
都-452-20,強化液消火器（３型）,東京都台東区谷中5-4-3,139.7675037,35.72375876,
都-452-21,強化液消火器（３型）,東京都台東区谷中5-2-3,139.768406,35.72365055,
都-452-22,強化液消火器（３型）,東京都台東区谷中7-5-5,139.769536,35.72349532,
都-452-23,強化液消火器（３型）,東京都台東区谷中7-3,139.7702991,35.72398886,
都-452-24,強化液消火器（３型）,東京都台東区上野桜木2-10-6,139.770874,35.72117795,
都-452-30,強化液消火器（３型）,東京都台東区上野公園14,139.7780165,35.71631059,
都-452-31,強化液消火器（３型）,東京都台東区上野2-11-2,139.76991,35.70909532,
都-452-32,強化液消火器（３型）,東京都台東区上野1-15-3,139.7700776,35.70725781,
都-452-33,強化液消火器（３型）,東京都台東区上野1-6-3,139.7699873,35.7055901,
都-456-1,強化液消火器（３型）,東京都台東区根岸2-15-7,139.7783528,35.72405661,
都-456-2,強化液消火器（３型）,東京都台東区根岸2-12-9,139.7774586,35.72464409,
都-456-3,強化液消火器（３型）,東京都台東区根岸2-11-5,139.7771142,35.7248677,
都-456-4,強化液消火器（３型）,東京都台東区根岸2-18-10,139.7772564,35.72500669,
都-456-5,強化液消火器（３型）,東京都台東区根岸2-16-3,139.7784084,35.72427647,
都-458-1,強化液消火器（３型）,東京都台東区谷中3-23-10,139.7636336,35.73056162,
都-458-2,強化液消火器（３型）,東京都台東区谷中3-24-1,139.7633183,35.7305961,
都-462-1,強化液消火器（３型）,東京都台東区三ﾉ輪1-9-3,139.7909576,35.72741488,
都-462-2,強化液消火器（３型）,東京都台東区竜泉3-21-3,139.7911043,35.7254478,
都-462-3,強化液消火器（３型）,東京都台東区竜泉3-12-7,139.7912097,35.72367213,
都-462-4,強化液消火器（３型）,東京都台東区千束3-18-8,139.7912611,35.72269374,
都-462-5,強化液消火器（３型）,東京都台東区千束3-16-4,139.7912972,35.72148185,
都-462-6,強化液消火器（３型）,東京都台東区千束3-9-4,139.7918272,35.72047674,
都-462-7,強化液消火器（３型）,東京都台東区浅草4-27-6,139.7924122,35.71947523,
都-462-8,強化液消火器（３型）,東京都台東区浅草3-42-3,139.7928387,35.7181304,
都-462-9,強化液消火器（３型）,東京都台東区浅草2-12-6,139.7926829,35.71502535,
都-462-10,強化液消火器（３型）,東京都台東区浅草1-25-7,139.7923794,35.71273691,
都-462-11,強化液消火器（３型）,東京都台東区浅草1-10-4,139.7921937,35.71169238,
都-462-12,強化液消火器（３型）,東京都台東区雷門1-8-5,139.7918985,35.71066475,
都-462-13,強化液消火器（３型）,東京都台東区雷門1-6-4,139.7916315,35.70989239,
都-462-14,強化液消火器（３型）,東京都台東区寿4-7-7,139.7913798,35.70893302,
都-462-15,強化液消火器（３型）,東京都台東区寿3-19-7,139.7911982,35.70801341,
都-462-16,強化液消火器（３型）,東京都台東区寿3-9-3,139.7910208,35.70685058,
都-462-17,強化液消火器（３型）,東京都台東区蔵前3-16-6,139.7907272,35.70533464,
都-462-18,強化液消火器（３型）,東京都台東区蔵前3-8-4,139.790522,35.70451182,
都-462-19,強化液消火器（３型）,東京都台東区蔵前3-2-1,139.7902521,35.70342557,
都-462-20,強化液消火器（３型）,東京都台東区蔵前4-13-7,139.7898662,35.70309253,
都-462-21,強化液消火器（３型）,東京都台東区蔵前4-20-10,139.7901805,35.70438072,
都-462-22,強化液消火器（３型）,東京都台東区蔵前4-31-12,139.7904374,35.70542392,
都-462-23,強化液消火器（３型）,東京都台東区寿1-1-9,139.7906554,35.70648793,
都-462-24,強化液消火器（３型）,東京都台東区寿1-18-3,139.7908782,35.70792668,
都-462-25,強化液消火器（３型）,東京都台東区寿2-2-1,139.7910558,35.70885431,
都-462-26,強化液消火器（３型）,東京都台東区西浅草2-1-1,139.7919215,35.71178496,
都-462-27,強化液消火器（３型）,東京都台東区西浅草2-14-15,139.7921217,35.71294437,
都-462-28,強化液消火器（３型）,東京都台東区西浅草3-16-1,139.7923836,35.71449363,
都-462-29,強化液消火器（３型）,東京都台東区西浅草3-18-17,139.7924826,35.71584447,
都-462-30,強化液消火器（３型）,東京都台東区西浅草3-27-21,139.7925195,35.71684059,
都-462-31,強化液消火器（３型）,東京都台東区千束1-16-13,139.7924189,35.71887752,
都-462-32,強化液消火器（３型）,東京都台東区千束1-19-11,139.7915608,35.72042365,
都-462-33,強化液消火器（３型）,東京都台東区千束2-33-9,139.790962,35.72248981,
都-462-34,強化液消火器（３型）,東京都台東区竜泉1-20-17,139.790905,35.72365924,
都-462-35,強化液消火器（３型）,東京都台東区竜泉2-12-10,139.79078,35.72576069,
都-462-36,強化液消火器（３型）,東京都台東区竜泉2-20-20,139.7906572,35.72776496,
都-463-1,強化液消火器（３型）,東京都台東区駒形1-12-10,139.7954184,35.70879476,
都-463-2,強化液消火器（３型）,東京都台東区駒形1-10-9,139.7947471,35.70889565,
都-463-3,強化液消火器（３型）,東京都台東区寿4-13-11,139.7939727,35.7090182,
都-463-4,強化液消火器（３型）,東京都台東区寿4-15-8,139.7924962,35.70929218,
都-463-5,強化液消火器（３型）,東京都台東区寿4-16-7,139.7917528,35.7094629,
都-463-6,強化液消火器（３型）,東京都台東区寿2-9-12,139.7900319,35.70981907,
都-463-7,強化液消火器（３型）,東京都台東区寿2-8-10,139.7892436,35.70999285,
都-463-8,強化液消火器（３型）,東京都台東区元浅草4-10-7,139.7880779,35.71022928,
都-463-9,強化液消火器（３型）,東京都台東区元浅草4-9-10,139.7870262,35.7104123,
都-463-10,強化液消火器（３型）,東京都台東区元浅草4-7-19,139.7861464,35.71056801,
都-463-11,強化液消火器（３型）,東京都台東区元浅草2-10-14,139.7846274,35.71083504,
都-463-12,強化液消火器（３型）,東京都台東区元浅草2-11-11,139.7837278,35.71100164,
都-463-13,強化液消火器（３型）,東京都台東区東上野3-33-8,139.7821923,35.71129274,
都-463-14,強化液消火器（３型）,東京都台東区東上野3-35-9,139.7810551,35.71148495,
都-463-15,強化液消火器（３型）,東京都台東区東上野3-36-7,139.780242,35.71163095,
都-463-16,強化液消火器（３型）,東京都台東区東上野3-37-9,139.7793817,35.71179296,
都-463-17,強化液消火器（３型）,東京都台東区東上野3-39-7,139.778654,35.71192299,
都-463-18,強化液消火器（３型）,東京都台東区東上野4-3-1,139.7787914,35.71214438,
都-463-19,強化液消火器（３型）,東京都台東区東上野4-1-2,139.780393,35.71184574,
都-463-20,強化液消火器（３型）,東京都台東区東上野5-2-2,139.781057,35.71173885,
都-463-21,強化液消火器（３型）,東京都台東区東上野5-1-8,139.7819088,35.71158474,
都-463-22,強化液消火器（３型）,東京都台東区東上野6-2-3,139.7834519,35.71130429,
都-463-23,強化液消火器（３型）,東京都台東区東上野6-1-1,139.7848105,35.71106178,
都-463-24,強化液消火器（３型）,東京都台東区松が谷1-4-3,139.7856083,35.71091895,
都-463-25,強化液消火器（３型）,東京都台東区松が谷1-3-2,139.7866158,35.71074185,
都-463-26,強化液消火器（３型）,東京都台東区松が谷1-1-2,139.7880095,35.71049343,
都-463-27,強化液消火器（３型）,東京都台東区西浅草1-4-2,139.7885394,35.71038098,
都-463-28,強化液消火器（３型）,東京都台東区西浅草1-3-3,139.7893934,35.71020522,
都-463-29,強化液消火器（３型）,東京都台東区西浅草1-2-1,139.7903821,35.71000576,
都-463-30,強化液消火器（３型）,東京都台東区雷門1-6-5,139.7917458,35.70972315,
都-463-31,強化液消火器（３型）,東京都台東区雷門1-4-2,139.7933768,35.70936219,
都-463-32,強化液消火器（３型）,東京都台東区雷門1-1-3,139.7938543,35.70927563,
都-463-33,強化液消火器（３型）,東京都台東区雷門2-5-1,139.795501,35.70903717,
都-464-1,強化液消火器（３型）,東京都台東区清川2-39-4,139.7996825,35.72878839,
都-464-2,強化液消火器（３型）,東京都台東区清川2-31-3,139.799978,35.72818964,
都-464-3,強化液消火器（３型）,東京都台東区清川2-16-4,139.8003212,35.72748032,
都-464-4,強化液消火器（３型）,東京都台東区清川2-5-4,139.8007982,35.72650405,
都-464-5,強化液消火器（３型）,東京都台東区清川1-19-7,139.801191,35.72569925,
都-464-6,強化液消火器（３型）,東京都台東区清川1-18-6,139.8014089,35.72472735,
都-464-7,強化液消火器（３型）,東京都台東区清川1-7-6,139.8014965,35.72404319,
都-464-8,強化液消火器（３型）,東京都台東区清川1-6-4,139.8016102,35.72320031,
都-464-9,強化液消火器（３型）,東京都台東区今戸2-39-3,139.8017159,35.72238988,
都-464-10,強化液消火器（３型）,東京都台東区今戸2-14-6,139.8018449,35.72141422,
都-464-11,強化液消火器（３型）,東京都台東区今戸1-11-4,139.801959,35.72055015,
都-464-12,強化液消火器（３型）,東京都台東区今戸1-9-4,139.8020089,35.7195677,
都-464-13,強化液消火器（３型）,東京都台東区浅草7-9-3,139.8019903,35.71850708,
都-464-14,強化液消火器（３型）,東京都台東区浅草7-7-3,139.8019771,35.71800536,
都-464-15,強化液消火器（３型）,東京都台東区浅草7-5-4,139.8019645,35.71717061,
都-464-16,強化液消火器（３型）,東京都台東区浅草7-2-4,139.801943,35.71580671,
都-464-17,強化液消火器（３型）,東京都台東区浅草6-1-16,139.8017107,35.71570328,
都-464-18,強化液消火器（３型）,東京都台東区浅草6-21-11,139.8017309,35.71672144,
都-464-19,強化液消火器（３型）,東京都台東区浅草6-22-11,139.8017506,35.71775899,
都-464-20,強化液消火器（３型）,東京都台東区浅草6-36-17,139.8017742,35.71881163,
都-464-21,強化液消火器（３型）,東京都台東区東浅草1-1-19,139.8017961,35.71952142,
都-464-22,強化液消火器（３型）,東京都台東区東浅草1-1-15,139.801798,35.72020614,
都-464-23,強化液消火器（３型）,東京都台東区東浅草1-8-12,139.8016512,35.72125246,
都-464-24,強化液消火器（３型）,東京都台東区東浅草1-9-11,139.8015691,35.72186036,
都-464-25,強化液消火器（３型）,東京都台東区東浅草1-21-9,139.8014518,35.72277023,
都-464-26,強化液消火器（３型）,東京都台東区東浅草2-1-9,139.8013575,35.7234906,
都-464-27,強化液消火器（３型）,東京都台東区東浅草2-17-18,139.8012072,35.72461675,
都-464-28,強化液消火器（３型）,東京都台東区東浅草2-17-12,139.801106,35.72540056,
都-464-29,強化液消火器（３型）,東京都台東区日本堤1-1-1,139.8007048,35.72623131,
都-464-30,強化液消火器（３型）,東京都台東区日本堤1-23-8,139.8003456,35.72696396,
都-464-31,強化液消火器（３型）,東京都台東区日本堤1-40-1,139.8000181,35.72763178,
都-464-32,強化液消火器（３型）,東京都台東区日本堤2-28-10,139.7996368,35.72841214,
区-4-1,強化液消火器（３型）,東京都台東区柳橋1-29-7,139.7891239,35.69752744,
区-4-2,強化液消火器（３型）,東京都台東区柳橋1-31-5,139.7879452,35.6980493,
区-4-3,強化液消火器（３型）,東京都台東区浅草橋1-31-9,139.7860911,35.69853715,
区-4-4,強化液消火器（３型）,東京都台東区浅草橋1-33-5,139.7850035,35.69871109,
区-4-5,強化液消火器（３型）,東京都台東区浅草橋1-36-9,139.7834707,35.69887015,
区-4-6,強化液消火器（３型）,東京都台東区浅草橋4-19-8,139.7822068,35.69897453,
区-4-7,強化液消火器（３型）,東京都台東区浅草橋4-17-7,139.7812586,35.69904531,
区-4-8,強化液消火器（３型）,東京都台東区浅草橋5-4-1,139.7807588,35.69919404,
区-4-9,強化液消火器（３型）,東京都台東区浅草橋5-2-14,139.781826,35.69910964,
区-4-10,強化液消火器（３型）,東京都台東区浅草橋2-6-2,139.7842296,35.69890855,
区-4-11,強化液消火器（３型）,東京都台東区浅草橋2-4-3,139.7856891,35.69871207,
区-4-12,強化液消火器（３型）,東京都台東区浅草橋2-1-2,139.7866113,35.69857122,
区-4-13,強化液消火器（３型）,東京都台東区柳橋2-6-1,139.7874982,35.6983722,
区-4-14,強化液消火器（３型）,東京都台東区柳橋2-3-1,139.7886111,35.69788109,
区-5-1,強化液消火器（３型）,東京都台東区台東1-2-16,139.7802419,35.70113574,
区-5-2,強化液消火器（３型）,東京都台東区台東1-5-18,139.778509,35.70134566,
区-5-3,強化液消火器（３型）,東京都台東区台東1-10-6,139.7759574,35.70153748,
区-5-5,強化液消火器（３型）,東京都台東区台東1-25-7,139.7779269,35.70150181,
区-5-6,強化液消火器（３型）,東京都台東区台東1-21-1,139.7795856,35.70130983,
区-9-1,強化液消火器（３型）,東京都台東区蔵前4-6-7,139.7896556,35.70279905,
区-9-2,強化液消火器（３型）,東京都台東区蔵前4-10-6,139.7881477,35.70283047,
区-9-3,強化液消火器（３型）,東京都台東区鳥越2-13-12,139.7871633,35.7029045,
区-9-4,強化液消火器（３型）,東京都台東区鳥越2-11-9,139.7860051,35.70299933,
区-9-5,強化液消火器（３型）,東京都台東区鳥越2-9-9,139.785218,35.70307624,
区-9-6,強化液消火器（３型）,東京都台東区鳥越1-28-5,139.7840192,35.70342096,
区-9-7,強化液消火器（３型）,東京都台東区鳥越1-30-7,139.7829239,35.70357504,
区-9-8,強化液消火器（３型）,東京都台東区鳥越1-22-8,139.7816609,35.70375475,
区-9-9,強化液消火器（３型）,東京都台東区台東2-20-9,139.7806516,35.7038285,
区-9-10,強化液消火器（３型）,東京都台東区台東2-32-12,139.7793091,35.70392525,
区-9-11,強化液消火器（３型）,東京都台東区台東2-31-8,139.7783607,35.70399741,
区-9-12,強化液消火器（３型）,東京都台東区台東2-29-8,139.7767778,35.70410726,
区-9-13,強化液消火器（３型）,東京都台東区上野5-7-7,139.7750616,35.70424114,
区-9-14,強化液消火器（３型）,東京都台東区上野3-5-7,139.7738453,35.70431486,
区-9-15,強化液消火器（３型）,東京都台東区上野3-7-2,139.7733975,35.70442604,
区-9-16,強化液消火器（３型）,東京都台東区上野5-11-3,139.7745773,35.7043572,
区-9-17,強化液消火器（３型）,東京都台東区上野5-14-1,139.775723,35.70430117,
区-9-18,強化液消火器（３型）,東京都台東区台東3-15-1,139.7764119,35.70424696,
区-9-19,強化液消火器（３型）,東京都台東区台東3-7-4,139.7782226,35.70410012,
区-9-20,強化液消火器（３型）,東京都台東区台東3-5-4,139.7790237,35.70405703,
区-9-21,強化液消火器（３型）,東京都台東区台東3-4-2,139.7799115,35.70399851,
区-9-22,強化液消火器（３型）,東京都台東区台東3-2-11,139.7810061,35.70393443,
区-9-26,強化液消火器（３型）,東京都台東区三筋1-1-1,139.7877662,35.70292478,
区-10-1,強化液消火器（３型）,東京都台東区蔵前4-19-11,139.7893253,35.70464081,
区-10-2,強化液消火器（３型）,東京都台東区蔵前4-18-10,139.7884156,35.70469341,
区-10-3,強化液消火器（３型）,東京都台東区三筋1-15-9,139.7871125,35.70472484,
区-10-4,強化液消火器（３型）,東京都台東区三筋1-11-10,139.7854011,35.70471463,
区-10-5,強化液消火器（３型）,東京都台東区小島1-16-8,139.7833547,35.70486591,
区-10-6,強化液消火器（３型）,東京都台東区小島1-7-9,139.7822294,35.70500839,
区-10-8,強化液消火器（３型）,東京都台東区台東3-46-8,139.7784439,35.70561224,
区-10-9,強化液消火器（３型）,東京都台東区台東3-43-10,139.7773515,35.70570514,
区-10-10,強化液消火器（３型）,東京都台東区上野5-15-10,139.7756933,35.70585178,
区-10-11,強化液消火器（３型）,東京都台東区上野3-20-7,139.7739741,35.70599844,
区-10-12,強化液消火器（３型）,東京都台東区上野3-17-7,139.7726008,35.70630079,
区-10-13,強化液消火器（３型）,東京都台東区上野1-12-7,139.7707782,35.70646712,
区-10-14,強化液消火器（３型）,東京都台東区上野1-14-2,139.7702087,35.70658808,
区-10-15,強化液消火器（３型）,東京都台東区上野1-16-2,139.7712328,35.70651229,
区-10-16,強化液消火器（３型）,東京都台東区上野3-23-11,139.7732892,35.70623656,
区-10-17,強化液消火器（３型）,東京都台東区上野5-21-14,139.7750697,35.70597064,
区-10-18,強化液消火器（３型）,東京都台東区台東4-8-2,139.7765673,35.705875,
区-10-19,強化液消火器（３型）,東京都台東区台東4-5-1,139.7790113,35.70566746,
区-10-21,強化液消火器（３型）,東京都台東区小島2-3-3,139.7829203,35.70503457,
区-10-22,強化液消火器（３型）,東京都台東区小島2-2-4,139.7837985,35.70492405,
区-10-23,強化液消火器（３型）,東京都台東区三筋2-5-1,139.786192,35.70479695,
区-10-24,強化液消火器（３型）,東京都台東区蔵前4-23-2,139.7890756,35.70473272,
区-10-25,強化液消火器（３型）,東京都台東区蔵前4-21-1,139.7900672,35.70467384,
区-11-1,強化液消火器（３型）,東京都台東区台東3-44-2,139.777508,35.70547471,
区-11-2,強化液消火器（３型）,東京都台東区台東3-18-2,139.7774223,35.70472891,
区-11-3,強化液消火器（３型）,東京都台東区台東2-30-2,139.7773232,35.70370794,
区-11-4,強化液消火器（３型）,東京都台東区台東2-6-5,139.7772421,35.70266235,
区-11-5,強化液消火器（３型）,東京都台東区台東1-12-8,139.7769706,35.7014289,
区-11-6,強化液消火器（３型）,東京都台東区台東1-13-7,139.7770783,35.70118685,
区-11-7,強化液消火器（３型）,東京都台東区台東1-7-1,139.7769144,35.70055797,
区-11-8,強化液消火器（３型）,東京都台東区台東1-26-6,139.7771612,35.70196258,
区-11-9,強化液消火器（３型）,東京都台東区台東1-31-10,139.7770738,35.70237194,
区-11-10,強化液消火器（３型）,東京都台東区台東2-26-1,139.7771864,35.70344019,
区-11-11,強化液消火器（３型）,東京都台東区台東3-12-1,139.7772636,35.70418059,
区-11-12,強化液消火器（３型）,東京都台東区台東3-40-10,139.7773656,35.70528303,
区-12-1,強化液消火器（３型）,東京都台東区上野1-18-8,139.7720003,35.70693265,
区-13-1,強化液消火器（３型）,東京都台東区駒形1-2-11,139.7938237,35.70657929,
区-13-2,強化液消火器（３型）,東京都台東区寿3-12-5,139.792228,35.70705146,
区-13-3,強化液消火器（３型）,東京都台東区寿3-9-6,139.7911813,35.70736294,
区-13-4,強化液消火器（３型）,東京都台東区寿3-18-2,139.7916416,35.70730788,
区-13-5,強化液消火器（３型）,東京都台東区寿3-16-1,139.7928329,35.70695686,
区-14-1,強化液消火器（３型）,東京都台東区元浅草1-12-8,139.7845974,35.70832148,
区-14-2,強化液消火器（３型）,東京都台東区元浅草1-6-22,139.7833239,35.70843126,
区-14-3,強化液消火器（３型）,東京都台東区東上野1-27-1,139.7814774,35.70857978,
区-14-4,強化液消火器（３型）,東京都台東区東上野1-23-9,139.7794957,35.70875534,
区-14-5,強化液消火器（３型）,東京都台東区東上野1-20-7,139.7784144,35.70883971,
区-14-6,強化液消火器（３型）,東京都台東区東上野1-16,139.7768728,35.70885919,
区-14-12,強化液消火器（３型）,東京都台東区東上野2-14-1,139.7775458,35.70893289,
区-14-15,強化液消火器（３型）,東京都台東区元浅草1-18-2,139.7828453,35.70855143,
区-14-16,強化液消火器（３型）,東京都台東区元浅草1-15-3,139.7839206,35.70846024,
区-15-1,強化液消火器（３型）,東京都台東区上野3-1-9,139.7737555,35.70309588,
区-15-2,強化液消火器（３型）,東京都台東区上野3-5-9,139.7739904,35.7041547,
区-15-3,強化液消火器（３型）,東京都台東区上野3-9-7,139.7741211,35.70486462,
区-15-4,強化液消火器（３型）,東京都台東区上野3-20-8,139.7742904,35.70589004,
区-15-5,強化液消火器（３型）,東京都台東区上野3-27-1,139.7744179,35.70707756,
区-17-1,強化液消火器（３型）,東京都台東区東上野3-22-5,139.7789915,35.71122138,
区-17-2,強化液消火器（３型）,東京都台東区東上野3-13-5,139.7786971,35.71029948,
区-17-3,強化液消火器（３型）,東京都台東区東上野2-11-8,139.7784619,35.70955973,
区-17-4,強化液消火器（３型）,東京都台東区東上野1-20-2,139.7782531,35.70831496,
区-17-5,強化液消火器（３型）,東京都台東区台東4-29-8,139.7781345,35.70727898,
区-17-6,強化液消火器（３型）,東京都台東区台東4-5-8,139.7779995,35.7059171,
区-17-7,強化液消火器（３型）,東京都台東区台東4-13,139.7779395,35.70633602,
区-17-8,強化液消火器（３型）,東京都台東区東上野1-12-14,139.7780921,35.70780029,
区-17-9,強化液消火器（３型）,東京都台東区東上野1-19-11,139.7781983,35.70871563,
区-17-10,強化液消火器（３型）,東京都台東区東上野2-21-15,139.7784113,35.70977158,
区-17-11,強化液消火器（３型）,東京都台東区東上野3-15-12,139.7787397,35.71073757,
区-18-1,強化液消火器（３型）,東京都台東区東上野5-24-4,139.782307,35.71522668,
区-18-2,強化液消火器（３型）,東京都台東区東上野5-14-7,139.7814716,35.71392504,
区-18-3,強化液消火器（３型）,東京都台東区東上野5-7-4,139.7809781,35.71314616,
区-18-4,強化液消火器（３型）,東京都台東区東上野5-3-7,139.7808223,35.71236708,
区-18-5,強化液消火器（３型）,東京都台東区東上野3-35-5,139.7806831,35.71147921,
区-18-6,強化液消火器（３型）,東京都台東区東上野3-7-4,139.7804502,35.71015962,
区-18-7,強化液消火器（３型）,東京都台東区東上野2-24-1,139.7803527,35.70959623,
区-18-8,強化液消火器（３型）,東京都台東区東上野1-25-8,139.7801883,35.70863793,
区-18-9,強化液消火器（３型）,東京都台東区東上野1-6-6,139.7801239,35.70790238,
区-18-10,強化液消火器（３型）,東京都台東区台東4-27-4,139.7800226,35.70696494,
区-18-11,強化液消火器（３型）,東京都台東区台東4-21,139.7799006,35.70591899,
区-18-12,強化液消火器（３型）,東京都台東区台東3-24-4,139.7797744,35.70463303,
区-18-13,強化液消火器（３型）,東京都台東区台東2-22-5,139.7796669,35.70359745,
区-18-14,強化液消火器（３型）,東京都台東区台東2-14-4,139.7796035,35.70299113,
区-18-15,強化液消火器（３型）,東京都台東区台東1-36-2,139.7794722,35.70203134,
区-18-16,強化液消火器（３型）,東京都台東区台東1-3-4,139.7792162,35.70062641,
区-18-17,強化液消火器（３型）,東京都台東区台東1-23-11,139.7792832,35.70162496,
区-18-18,強化液消火器（３型）,東京都台東区台東2-23-13,139.7795527,35.70346307,
区-18-19,強化液消火器（３型）,東京都台東区台東3-6-12,139.7796449,35.70442508,
区-18-20,強化液消火器（３型）,東京都台東区台東3-34-10,139.7797379,35.70526556,
区-18-21,強化液消火器（３型）,東京都台東区台東4-20-11,139.7798947,35.70672105,
区-18-22,強化液消火器（３型）,東京都台東区東上野1-24-13,139.7800466,35.70814233,
区-18-23,強化液消火器（３型）,東京都台東区東上野2-8-1,139.7801135,35.70881874,
区-18-24,強化液消火器（３型）,東京都台東区東上野3-10-9,139.7803945,35.71042215,
区-18-25,強化液消火器（３型）,東京都台東区東上野3-25-11,139.7804789,35.71092843,
区-18-26,強化液消火器（３型）,東京都台東区東上野4-6-7,139.7807749,35.71276804,
区-18-27,強化液消火器（３型）,東京都台東区東上野4-16-6,139.7810244,35.7133881,
区-18-28,強化液消火器（３型）,東京都台東区東上野4-22-8,139.7816867,35.71448922,
区-18-29,強化液消火器（３型）,東京都台東区東上野4-24-12,139.782,35.71491292,
区-20-1,強化液消火器（３型）,東京都台東区入谷2-34-5,139.7872506,35.72203805,
区-20-2,強化液消火器（３型）,東京都台東区入谷2-25-3,139.7873054,35.72130645,
区-20-3,強化液消火器（３型）,東京都台東区入谷2-17-5,139.7875028,35.72037799,
区-20-4,強化液消火器（３型）,東京都台東区入谷2-9-3,139.7877225,35.71940857,
区-20-5,強化液消火器（３型）,東京都台東区松が谷4-26-8,139.787781,35.71836341,
区-20-6,強化液消火器（３型）,東京都台東区松が谷4-4,139.7874998,35.71755322,
区-20-7,強化液消火器（３型）,東京都台東区松が谷3-13-5,139.7872092,35.71608511,
区-20-8,強化液消火器（３型）,東京都台東区松が谷3-3-9,139.7872768,35.71501039,
区-20-9,強化液消火器（３型）,東京都台東区松が谷2-27-5,139.7872546,35.71442574,
区-20-10,強化液消火器（３型）,東京都台東区松が谷2-14-4,139.7871711,35.71354813,
区-20-11,強化液消火器（３型）,東京都台東区松が谷2-2-4,139.7870872,35.71258916,
区-20-12,強化液消火器（３型）,東京都台東区松が谷1-12,139.7870311,35.71193028,
区-20-13,強化液消火器（３型）,東京都台東区松が谷1-2-4,139.7869302,35.71076818,
区-20-14,強化液消火器（３型）,東京都台東区元浅草4-3-7,139.7868458,35.7094299,
区-20-15,強化液消火器（３型）,東京都台東区元浅草3-20,139.7868079,35.70874799,
区-20-16,強化液消火器（３型）,東京都台東区元浅草3-15-3,139.7867385,35.70759692,
区-20-17,強化液消火器（３型）,東京都台東区三筋2-16-14,139.7868034,35.70602232,
区-20-18,強化液消火器（３型）,東京都台東区三筋2-3-3,139.7867881,35.70495141,
区-20-19,強化液消火器（３型）,東京都台東区三筋1-3-9,139.7867686,35.7039584,
区-20-20,強化液消火器（３型）,東京都台東区三筋1-3-2,139.786755,35.70308256,
区-20-21,強化液消火器（３型）,東京都台東区鳥越2-3-8,139.7865309,35.70205572,
区-20-22,強化液消火器（３型）,東京都台東区三筋1-4-15,139.786661,35.70349422,
区-20-23,強化液消火器（３型）,東京都台東区三筋1-14-9,139.7866766,35.7042746,
区-20-24,強化液消火器（３型）,東京都台東区三筋2-4-8,139.7866963,35.70520368,
区-20-25,強化液消火器（３型）,東京都台東区元浅草3-3-8,139.7866461,35.7069233,
区-20-26,強化液消火器（３型）,東京都台東区元浅草3-16-12,139.7866717,35.70811507,
区-20-27,強化液消火器（３型）,東京都台東区元浅草4-4-1,139.7867211,35.70895552,
区-20-28,強化液消火器（３型）,東京都台東区元浅草4-4-13,139.7867623,35.70977708,
区-20-29,強化液消火器（３型）,東京都台東区松が谷1-6-15,139.786908,35.71165405,
区-20-30,強化液消火器（３型）,東京都台東区松が谷1-13-16,139.7869672,35.71229875,
区-20-31,強化液消火器（３型）,東京都台東区松が谷2-8-15,139.7870567,35.71328121,
区-20-32,強化液消火器（３型）,東京都台東区松が谷2-20-16,139.7871273,35.71402772,
区-20-33,強化液消火器（３型）,東京都台東区松が谷3-5-8,139.7871324,35.71571221,
区-20-34,強化液消火器（３型）,東京都台東区松が谷3-11-14,139.7870903,35.71649732,
区-20-35,強化液消火器（３型）,東京都台東区松が谷4-19-8,139.7874934,35.71781929,
区-20-36,強化液消火器（３型）,東京都台東区入谷1-1-10,139.7877102,35.71900775,
区-20-37,強化液消火器（３型）,東京都台東区入谷1-12-9,139.7874645,35.72010868,
区-20-38,強化液消火器（３型）,東京都台東区入谷1-22-13,139.7872494,35.72105499,
区-20-39,強化液消火器（３型）,東京都台東区入谷1-31-8,139.7871459,35.72218011,
区-21-1,強化液消火器（３型）,東京都台東区千束1-5-6,139.7912196,35.71855172,
区-21-2,強化液消火器（３型）,東京都台東区西浅草3-26-6,139.7910373,35.71691971,
区-21-3,強化液消火器（３型）,東京都台東区西浅草3-19-3,139.7909266,35.71605182,
区-21-4,強化液消火器（３型）,東京都台東区西浅草3-4-8,139.7907139,35.71467338,
区-21-5,強化液消火器（３型）,東京都台東区西浅草2-25-8,139.7906096,35.71402707,
区-21-6,強化液消火器（３型）,東京都台東区西浅草2-16-5,139.790479,35.71316177,
区-21-7,強化液消火器（３型）,東京都台東区西浅草2-10-2,139.7903649,35.7124142,
区-21-8,強化液消火器（３型）,東京都台東区西浅草1-6-9,139.7901712,35.71150931,
区-21-9,強化液消火器（３型）,東京都台東区西浅草1-2-6,139.789924,35.71054839,
区-21-10,強化液消火器（３型）,東京都台東区寿2-4-6,139.7896896,35.70911236,
区-21-11,強化液消火器（３型）,東京都台東区寿1-19-4,139.7896176,35.70804529,
区-21-12,強化液消火器（３型）,東京都台東区寿1-9-3,139.7895639,35.7072557,
区-21-13,強化液消火器（３型）,東京都台東区寿1-10-9,139.7894472,35.70700041,
区-21-14,強化液消火器（３型）,東京都台東区寿1-14-10,139.789508,35.70792167,
区-21-15,強化液消火器（３型）,東京都台東区寿2-5-14,139.7895583,35.7086437,
区-21-16,強化液消火器（３型）,東京都台東区寿2-8-11,139.7896345,35.70981498,
区-21-17,強化液消火器（３型）,東京都台東区西浅草1-5-5,139.7899319,35.71092315,
区-21-18,強化液消火器（３型）,東京都台東区西浅草1-5-5,139.7901295,35.71168819,
区-21-19,強化液消火器（３型）,東京都台東区西浅草2-9-2,139.7902992,35.71255766,
区-21-20,強化液消火器（３型）,東京都台東区西浅草2-24-1,139.7904765,35.71373424,
区-21-21,強化液消火器（３型）,東京都台東区西浅草3-5-1,139.790562,35.71429265,
区-21-22,強化液消火器（３型）,東京都台東区西浅草3-13-7,139.7907102,35.71524395,
区-21-23,強化液消火器（３型）,東京都台東区西浅草3-29-22,139.7910008,35.7173748,
区-21-24,強化液消火器（３型）,東京都台東区千束1-11-10,139.7911533,35.71875083,
区-22-1,強化液消火器（３型）,東京都台東区浅草1-38,139.7950153,35.71259425,
区-22-2,強化液消火器（３型）,東京都台東区浅草1-17-6,139.7948117,35.71164897,
区-22-3,強化液消火器（３型）,東京都台東区雷門2-16-5,139.7946164,35.71061452,
区-22-4,強化液消火器（３型）,東京都台東区雷門2-15-2,139.7945372,35.71013423,
区-22-5,強化液消火器（３型）,東京都台東区雷門2-6-5,139.7943888,35.70924196,
区-22-6,強化液消火器（３型）,東京都台東区駒形1-10-4,139.7942452,35.70859026,
区-22-7,強化液消火器（３型）,東京都台東区駒形1-6-3,139.7940251,35.70779826,
区-22-8,強化液消火器（３型）,東京都台東区駒形1-5-2,139.7935202,35.70677583,
区-22-9,強化液消火器（３型）,東京都台東区駒形1-1-5,139.7929796,35.70574674,
区-22-10,強化液消火器（３型）,東京都台東区寿3-14-13,139.7931234,35.7063044,
区-22-11,強化液消火器（３型）,東京都台東区寿3-15-14,139.7936747,35.707376,
区-22-12,強化液消火器（３型）,東京都台東区寿4-12-7,139.793998,35.70834387,
区-22-13,強化液消火器（３型）,東京都台東区雷門1-2-11,139.7943483,35.70974412,
区-22-14,強化液消火器（３型）,東京都台東区雷門1-12-10,139.7944584,35.7104012,
区-22-15,強化液消火器（３型）,東京都台東区浅草1-5-6,139.7946397,35.71140853,
区-22-16,強化液消火器（３型）,東京都台東区浅草1-22-10,139.7947544,35.71196599,
区-22-17,強化液消火器（３型）,東京都台東区浅草1-39-11,139.7949312,35.71277085,
区-23-1,強化液消火器（３型）,東京都台東区西浅草1-8-9,139.7914023,35.71172975,
区-23-2,強化液消火器（３型）,東京都台東区西浅草1-9-9,139.7906494,35.71187197,
区-23-3,強化液消火器（３型）,東京都台東区西浅草1-5,139.7897983,35.71204446,
区-23-4,強化液消火器（３型）,東京都台東区松が谷1-11-5,139.7878733,35.71238584,
区-23-5,強化液消火器（３型）,東京都台東区松が谷1-14-13,139.7856309,35.71258839,
区-23-6,強化液消火器（３型）,東京都台東区東上野6-7-9,139.7842539,35.71271106,
区-23-7,強化液消火器（３型）,東京都台東区東上野6-8-7,139.7836575,35.71276565,
区-23-8,強化液消火器（３型）,東京都台東区東上野5-5-18,139.7828322,35.71282892,
区-23-9,強化液消火器（３型）,東京都台東区東上野5-6-10,139.7815879,35.71295418,
区-23-10,強化液消火器（３型）,東京都台東区東上野4-7-15,139.7802451,35.71323066,
区-23-11,強化液消火器（３型）,東京都台東区上野7-8,139.7788019,35.71396475,
区-23-12,強化液消火器（３型）,東京都台東区東上野4-11-1,139.779856,35.71350213,
区-23-13,強化液消火器（３型）,東京都台東区東上野5-8-3,139.7820526,35.71298675,
区-23-14,強化液消火器（３型）,東京都台東区東上野6-10-1,139.7838896,35.71282065,
区-23-15,強化液消火器（３型）,東京都台東区松が谷2-4-2,139.7859061,35.71264006,
区-23-16,強化液消火器（３型）,東京都台東区松が谷2-1-2,139.7879882,35.71245238,
区-23-17,強化液消火器（３型）,東京都台東区西浅草2-3-4,139.7894744,35.71218699,
区-23-18,強化液消火器（３型）,東京都台東区西浅草2-1-4,139.7913463,35.71181668,
区-24-1,強化液消火器（３型）,東京都台東区浅草1-36-10,139.797092,35.71274068,
区-24-2,強化液消火器（３型）,東京都台東区浅草1-41-8,139.7939021,35.71318545,
区-24-3,強化液消火器（３型）,東京都台東区浅草1-43-12,139.7928654,35.71365738,
区-24-4,強化液消火器（３型）,東京都台東区西浅草2-27-11,139.7922082,35.71380509,
区-24-5,強化液消火器（３型）,東京都台東区西浅草2-25-12,139.791134,35.71401,
区-24-6,強化液消火器（３型）,東京都台東区西浅草2-23-9,139.7901073,35.71420894,
区-24-7,強化液消火器（３型）,東京都台東区西浅草2-22-7,139.7892371,35.71437443,
区-24-8,強化液消火器（３型）,東京都台東区松が谷2-26-5,139.7881869,35.71458153,
区-24-9,強化液消火器（３型）,東京都台東区松が谷2-31-10,139.7860849,35.71500753,
区-24-10,強化液消火器（３型）,東京都台東区東上野6-30-8,139.7852759,35.7151697,
区-24-11,強化液消火器（３型）,東京都台東区東上野6-26-6,139.7840232,35.71541985,
区-24-12,強化液消火器（３型）,東京都台東区東上野4-24-11,139.7824129,35.71575088,
区-24-13,強化液消火器（３型）,東京都台東区東上野4-25-16,139.7814306,35.71601094,
区-24-14,強化液消火器（３型）,東京都台東区北上野1-4-3,139.7817735,35.71599771,
区-24-15,強化液消火器（３型）,東京都台東区北上野2-6-3,139.7831139,35.71567132,
区-24-16,強化液消火器（３型）,東京都台東区北上野2-5-1,139.7838117,35.71553637,
区-24-17,強化液消火器（３型）,東京都台東区北上野2-2-1,139.7846265,35.71537462,
区-24-18,強化液消火器（３型）,東京都台東区松が谷3-8-2,139.785711,35.71515929,
区-24-19,強化液消火器（３型）,東京都台東区松が谷3-4-3,139.7867324,35.71495875,
区-24-20,強化液消火器（３型）,東京都台東区松が谷3-3-5,139.7875581,35.71479003,
区-24-21,強化液消火器（３型）,東京都台東区西浅草3-7-1,139.7894896,35.71440497,
区-24-22,強化液消火器（３型）,東京都台東区西浅草3-3-2,139.7913065,35.71405331,
区-24-23,強化液消火器（３型）,東京都台東区浅草2-11-2,139.7927138,35.71375202,
区-24-24,強化液消火器（３型）,東京都台東区浅草2-4-4,139.7939493,35.71324646,
区-24-25,強化液消火器（３型）,東京都台東区浅草2-2-1,139.7971046,35.71282338,
区-24-26,強化液消火器（３型）,東京都台東区花川戸1-7-2,139.7980315,35.71268752,
区-25-1,強化液消火器（３型）,東京都台東区西浅草3-18,139.7918454,35.71616397,
区-25-2,強化液消火器（３型）,東京都台東区西浅草3-19-4,139.7910527,35.71632363,
区-25-3,強化液消火器（３型）,東京都台東区西浅草3-22-14,139.7899037,35.71655246,
区-25-4,強化液消火器（３型）,東京都台東区松が谷3-18-6,139.7890066,35.71673117,
区-25-5,強化液消火器（３型）,東京都台東区松が谷3-20-10,139.7883092,35.71686768,
区-25-6,強化液消火器（３型）,東京都台東区松が谷3-22-7,139.7867163,35.71718509,
区-25-7,強化液消火器（３型）,東京都台東区松が谷3-23,139.7856888,35.71739607,
区-25-8,強化液消火器（３型）,東京都台東区北上野2-14-5,139.7846605,35.71759229,
区-25-9,強化液消火器（３型）,東京都台東区北上野2-15,139.784108,35.71770393,
区-25-10,強化液消火器（３型）,東京都台東区北上野2-20-1,139.7845123,35.71770547,
区-25-11,強化液消火器（３型）,東京都台東区北上野2-20-14,139.7853523,35.71753439,
区-25-12,強化液消火器（３型）,東京都台東区松が谷4-6-8,139.7872635,35.71717479,
区-25-13,強化液消火器（３型）,東京都台東区松が谷4-2-1,139.7879719,35.71701281,
区-25-14,強化液消火器（３型）,東京都台東区西浅草3-25,139.7898466,35.71664516,
区-25-15,強化液消火器（３型）,東京都台東区西浅草3-25-2,139.7907274,35.71647088,
区-25-16,強化液消火器（３型）,東京都台東区西浅草3-26-1,139.7916949,35.71627722,
区-25-17,強化液消火器（３型）,東京都台東区西浅草3-27-2,139.792476,35.71618468,
区-26-1,強化液消火器（３型）,東京都台東区浅草7-3-9,139.8022789,35.71674722,
区-26-2,強化液消火器（３型）,東京都台東区浅草6-21-10,139.8015034,35.7169207,
区-26-3,強化液消火器（３型）,東京都台東区浅草6-14-8,139.7999261,35.71714815,
区-26-4,強化液消火器（３型）,東京都台東区浅草3-28-8,139.798857,35.7173521,
区-26-5,強化液消火器（３型）,東京都台東区浅草3-32-9,139.797456,35.71763837,
区-26-6,強化液消火器（３型）,東京都台東区浅草3-34-8,139.7964615,35.7178434,
区-26-7,強化液消火器（３型）,東京都台東区浅草3-39-7,139.7945276,35.71823823,
区-26-8,強化液消火器（３型）,東京都台東区浅草3-41-6,139.7932529,35.71851512,
区-26-9,強化液消火器（３型）,東京都台東区千束1-13-8,139.7918166,35.71894793,
区-26-10,強化液消火器（３型）,東京都台東区千束1-17-4,139.7914124,35.71918245,
区-26-11,強化液消火器（３型）,東京都台東区浅草4-24-3,139.7938522,35.7184651,
区-26-12,強化液消火器（３型）,東京都台東区浅草4-17-3,139.7951304,35.71819912,
区-26-13,強化液消火器（３型）,東京都台東区浅草4-12-2,139.7964315,35.71792875,
区-26-14,強化液消火器（３型）,東京都台東区浅草4-3-1,139.7982158,35.71756357,
区-26-15,強化液消火器（３型）,東京都台東区浅草6-29-1,139.7994927,35.71732758,
区-26-16,強化液消火器（３型）,東京都台東区浅草6-23-3,139.8009858,35.71710026,
区-26-17,強化液消火器（３型）,東京都台東区浅草7-4-1,139.8028929,35.7166518,
区-27-1,強化液消火器（３型）,東京都台東区浅草6-34-6,139.8010773,35.71849467,
区-27-2,強化液消火器（３型）,東京都台東区浅草6-32-7,139.8003965,35.71861463,
区-27-3,強化液消火器（３型）,東京都台東区浅草6-30-8,139.7996951,35.71874119,
区-27-4,強化液消火器（３型）,東京都台東区浅草4-48-12,139.7986679,35.7189277,
区-27-5,強化液消火器（３型）,東京都台東区浅草4-45-8,139.7975185,35.7192198,
区-27-6,強化液消火器（３型）,東京都台東区浅草4-41-6,139.7965377,35.71946899,
区-27-7,強化液消火器（３型）,東京都台東区浅草5-8-2,139.7958883,35.71974598,
区-27-8,強化液消火器（３型）,東京都台東区浅草5-6-2,139.7968302,35.71950825,
区-27-9,強化液消火器（３型）,東京都台東区浅草5-2-1,139.7989573,35.71898532,
区-27-10,強化液消火器（３型）,東京都台東区浅草6-40-3,139.7996883,35.71885233,
区-27-11,強化液消火器（３型）,東京都台東区浅草6-38-1,139.8005508,35.71869714,
区-27-12,強化液消火器（３型）,東京都台東区浅草6-36-18,139.8016543,35.71849861,
区-30-1,強化液消火器（３型）,東京都台東区浅草5-48-9,139.7993387,35.72119278,
区-30-2,強化液消火器（３型）,東京都台東区浅草5-43-7,139.798807,35.72040927,
区-30-3,強化液消火器（３型）,東京都台東区浅草5-3-5,139.7983294,35.71950464,
区-30-4,強化液消火器（３型）,東京都台東区浅草4-48-9,139.7981347,35.71848985,
区-30-5,強化液消火器（３型）,東京都台東区浅草4-4-1,139.7979343,35.71767553,
区-30-6,強化液消火器（３型）,東京都台東区浅草3-30-3,139.7977703,35.71703881,
区-30-7,強化液消火器（３型）,東京都台東区浅草3-24-7,139.7976047,35.71681847,
区-30-8,強化液消火器（３型）,東京都台東区浅草4-6-17,139.7978918,35.71788228,
区-30-9,強化液消火器（３型）,東京都台東区浅草5-23-8,139.7983076,35.71965962,
区-30-10,強化液消火器（３型）,東京都台東区浅草5-49-1,139.7988092,35.72062387,
区-30-11,強化液消火器（３型）,東京都台東区浅草5-71-13,139.7995581,35.72141175,
区-34-1,強化液消火器（３型）,東京都台東区日本堤1-40-7,139.7993922,35.7276527,
区-34-2,強化液消火器（３型）,東京都台東区日本堤1-38-6,139.7985421,35.72727318,
区-34-3,強化液消火器（３型）,東京都台東区日本堤1-36-7,139.7980429,35.72704888,
区-34-4,強化液消火器（３型）,東京都台東区日本堤1-34-5,139.7966426,35.72642072,
区-34-5,強化液消火器（３型）,東京都台東区千束4-51-9,139.7958208,35.72603888,
区-34-6,強化液消火器（３型）,東京都台東区千束4-49-7,139.7949704,35.72555296,
区-34-7,強化液消火器（３型）,東京都台東区千束4-47-7,139.7939245,35.72495435,
区-34-8,強化液消火器（３型）,東京都台東区竜泉3-6-3,139.7936045,35.72489357,
区-34-9,強化液消火器（３型）,東京都台東区竜泉3-5-2,139.7941864,35.72519401,
区-34-10,強化液消火器（３型）,東京都台東区竜泉3-1-2,139.795603,35.72601121,
区-34-11,強化液消火器（３型）,東京都台東区日本堤2-15-1,139.7964106,35.72640734,
区-34-12,強化液消火器（３型）,東京都台東区日本堤2-10-1,139.7973026,35.7268066,
区-34-13,強化液消火器（３型）,東京都台東区日本堤2-3-3,139.7983091,35.72725471,
区-34-14,強化液消火器（３型）,東京都台東区日本堤2-1-1,139.7996348,35.7278489,
区-35-1,強化液消火器（３型）,東京都台東区竜泉3-7-7,139.7929348,35.72479191,
区-35-2,強化液消火器（３型）,東京都台東区竜泉3-9-6,139.7922674,35.72476616,
区-35-3,強化液消火器（３型）,東京都台東区竜泉3-10-6,139.7917467,35.72474651,
区-35-4,強化液消火器（３型）,東京都台東区竜泉3-15-2,139.7919847,35.72483171,
区-35-5,強化液消火器（３型）,東京都台東区竜泉3-17-1,139.7931433,35.72487544,
区-36-1,強化液消火器（３型）,東京都台東区三ﾉ輪1-3-2,139.7936508,35.72700598,
区-36-2,強化液消火器（３型）,東京都台東区竜泉3-36-10,139.7932306,35.7267703,
区-36-3,強化液消火器（３型）,東京都台東区竜泉3-40-6,139.7921444,35.72673378,
区-36-4,強化液消火器（３型）,東京都台東区竜泉3-44-6,139.7911854,35.72669909,
区-36-5,強化液消火器（３型）,東京都台東区竜泉2-15-9,139.7901051,35.7266659,
区-36-6,強化液消火器（３型）,東京都台東区竜泉2-18,139.7899745,35.72674237,
区-36-7,強化液消火器（３型）,東京都台東区竜泉2-19-18,139.790688,35.72677588,
区-36-8,強化液消火器（３型）,東京都台東区三ﾉ輪1-7-3,139.7915856,35.72679537,
区-36-9,強化液消火器（３型）,東京都台東区三ﾉ輪1-5-1,139.792962,35.72684483,
区-36-10,強化液消火器（３型）,東京都台東区竜泉3-34-9,139.7938821,35.72704756,
区-37-1,強化液消火器（３型）,東京都台東区下谷2-8-7,139.7845208,35.72142339,
区-37-2,強化液消火器（３型）,東京都台東区下谷2-9-6,139.7840098,35.7215175,
区-37-3,強化液消火器（３型）,東京都台東区下谷2-11-7,139.783178,35.72173273,
区-37-4,強化液消火器（３型）,東京都台東区根岸3-14-14,139.782366,35.72227803,
区-37-5,強化液消火器（３型）,東京都台東区下谷2-13-4,139.7835871,35.72170975,
区-37-6,強化液消火器（３型）,東京都台東区下谷2-14-1,139.7844262,35.72154486,
区-38-1,強化液消火器（３型）,東京都台東区根岸4-9-5,139.7819885,35.72523797,
区-38-2,強化液消火器（３型）,東京都台東区根岸3-22-9,139.7819762,35.72467774,
区-38-3,強化液消火器（３型）,東京都台東区根岸3-13-8,139.7819505,35.72357713,
区-38-4,強化液消火器（３型）,東京都台東区根岸3-13-3,139.7819584,35.72284001,
区-38-5,強化液消火器（３型）,東京都台東区根岸3-1-11,139.7814831,35.72183338,
区-38-6,強化液消火器（３型）,東京都台東区根岸3-1-6,139.7811464,35.72132886,
区-38-7,強化液消火器（３型）,東京都台東区根岸3-4-13,139.7812111,35.72161166,
区-38-8,強化液消火器（３型）,東京都台東区根岸3-3-18,139.7816489,35.72221399,
区-38-9,強化液消火器（３型）,東京都台東区根岸3-12-44,139.7818474,35.72325339,
区-38-10,強化液消火器（３型）,東京都台東区根岸3-12-38,139.7818663,35.72398916,
区-38-11,強化液消火器（３型）,東京都台東区根岸4-8-1,139.7818719,35.72487143,
区-39-1,強化液消火器（３型）,東京都台東区竜泉2-16-8,139.7894782,35.72663278,
区-39-2,強化液消火器（３型）,東京都台東区竜泉2-10-6,139.7894811,35.72560259,
区-39-3,強化液消火器（３型）,東京都台東区竜泉2-4-3,139.7894981,35.72488673,
区-39-4,強化液消火器（３型）,東京都台東区竜泉1-19-4,139.7894583,35.72322922,
区-39-5,強化液消火器（３型）,東京都台東区千束2-29-3,139.7894377,35.72182683,
区-39-6,強化液消火器（３型）,東京都台東区千束2-12-2,139.7894507,35.72026195,
区-39-7,強化液消火器（３型）,東京都台東区千束2-4-3,139.7895699,35.71945745,
区-39-8,強化液消火器（３型）,東京都台東区入谷2-11-9,139.7894099,35.7195479,
区-39-9,強化液消火器（３型）,東京都台東区入谷2-21-8,139.7892667,35.72066155,
区-39-10,強化液消火器（３型）,東京都台東区入谷2-29-8,139.7892912,35.72167261,
区-39-11,強化液消火器（３型）,東京都台東区竜泉1-4-8,139.7893252,35.72312723,
区-39-12,強化液消火器（３型）,東京都台東区竜泉1-23-10,139.7893417,35.72402447,
区-39-13,強化液消火器（３型）,東京都台東区竜泉2-5-8,139.789354,35.72507459,
区-39-14,強化液消火器（３型）,東京都台東区竜泉2-17,139.7893246,35.72610747,
区-41-1,強化液消火器（３型）,東京都台東区日本堤2-26-3,139.7980528,35.72797251,
区-41-2,強化液消火器（３型）,東京都台東区日本堤2-3-3,139.7981444,35.72722863,
区-41-3,強化液消火器（３型）,東京都台東区日本堤1-27-3,139.7985637,35.72647291,
区-41-4,強化液消火器（３型）,東京都台東区日本堤1-3-5,139.7991197,35.72564392,
区-41-5,強化液消火器（３型）,東京都台東区東浅草2-22-5,139.7997134,35.72491789,
区-41-6,強化液消火器（３型）,東京都台東区東浅草2-12-12,139.8000697,35.72410885,
区-41-7,強化液消火器（３型）,東京都台東区東浅草2-3-4,139.800013,35.7230576,
区-41-8,強化液消火器（３型）,東京都台東区東浅草2-4-9,139.7999405,35.72349978,
区-41-9,強化液消火器（３型）,東京都台東区東浅草2-24-1,139.7999045,35.7245625,
区-41-10,強化液消火器（３型）,東京都台東区東浅草2-24-11,139.7993149,35.72523812,
区-41-11,強化液消火器（３型）,東京都台東区日本堤1-16-9,139.798767,35.72600262,
区-41-12,強化液消火器（３型）,東京都台東区日本堤1-37-10,139.7982758,35.72680516,
区-41-13,強化液消火器（３型）,東京都台東区日本堤2-5-9,139.7980002,35.72760484,
区-41-14,強化液消火器（３型）,東京都台東区日本堤2-31-2,139.797864,35.72865624,
区-52-1,強化液消火器（３型）,東京都台東区入谷1-21-5,139.7862389,35.72076563,
区-52-2,強化液消火器（３型）,東京都台東区入谷1-3-6,139.7860383,35.71941007,
区-52-3,強化液消火器（３型）,東京都台東区松が谷4-15-3,139.7858223,35.71858431,
区-52-4,強化液消火器（３型）,東京都台東区松が谷3-23-7,139.7855268,35.71732399,
区-52-5,強化液消火器（３型）,東京都台東区松が谷3-10-6,139.7855084,35.71631329,
区-52-6,強化液消火器（３型）,東京都台東区松が谷3-8-6,139.7854912,35.71551954,
区-52-7,強化液消火器（３型）,東京都台東区松が谷2-30-6,139.7854423,35.71474077,
区-52-8,強化液消火器（３型）,東京都台東区松が谷2-18-6,139.7853687,35.7140581,
区-52-9,強化液消火器（３型）,東京都台東区松が谷2-5-6,139.7852642,35.7130898,
区-52-10,強化液消火器（３型）,東京都台東区松が谷1-14-8,139.785191,35.71236134,
区-52-11,強化液消火器（３型）,東京都台東区松が谷1-5-6,139.7851128,35.71161689,
区-52-12,強化液消火器（３型）,東京都台東区元浅草4-7-11,139.7851488,35.71066661,
区-52-13,強化液消火器（３型）,東京都台東区元浅草4-7-8,139.7851275,35.71022388,
区-52-14,強化液消火器（３型）,東京都台東区元浅草4-6-4,139.7850779,35.70911073,
区-52-15,強化液消火器（３型）,東京都台東区元浅草3-17-12,139.7850757,35.70824556,
区-52-16,強化液消火器（３型）,東京都台東区元浅草3-7-4,139.7850682,35.70739604,
区-52-17,強化液消火器（３型）,東京都台東区三筋2-9-7,139.7850025,35.70618439,
区-52-18,強化液消火器（３型）,東京都台東区三筋2-8-2,139.7848342,35.70484318,
区-52-19,強化液消火器（３型）,東京都台東区三筋1-10-5,139.7846815,35.70422561,
区-52-20,強化液消火器（３型）,東京都台東区三筋1-9-3,139.7844575,35.70338563,
区-52-21,強化液消火器（３型）,東京都台東区鳥越2-7-1,139.7842084,35.70238087,
区-52-22,強化液消火器（３型）,東京都台東区浅草橋3-8-5,139.7838765,35.70101352,
区-52-23,強化液消火器（３型）,東京都台東区浅草橋2-21-6,139.7835939,35.70025821,
区-52-24,強化液消火器（３型）,東京都台東区浅草橋2-8-7,139.7832839,35.6995357,
区-52-25,強化液消火器（３型）,東京都台東区浅草橋1-25-6,139.7830059,35.6984338,
区-52-26,強化液消火器（３型）,東京都台東区浅草橋1-24-3,139.7829269,35.69770056,
区-52-27,強化液消火器（３型）,東京都台東区浅草橋4-10-8,139.7828299,35.69808287,
区-52-28,強化液消火器（３型）,東京都台東区浅草橋5-1-1,139.7829622,35.69911899,
区-52-29,強化液消火器（３型）,東京都台東区浅草橋5-1-33,139.7832778,35.6998641,
区-52-30,強化液消火器（３型）,東京都台東区浅草橋5-15-10,139.783712,35.70088392,
区-52-31,強化液消火器（３型）,東京都台東区浅草橋5-28-9,139.7839218,35.70178324,
区-52-32,強化液消火器（３型）,東京都台東区鳥越1-27-7,139.7842169,35.70297163,
区-52-33,強化液消火器（３型）,東京都台東区小島1-1-1,139.7843505,35.70350101,
区-52-34,強化液消火器（３型）,東京都台東区小島1-18-7,139.7846547,35.70463935,
区-52-35,強化液消火器（３型）,東京都台東区小島2-8-15,139.7848174,35.70583618,
区-52-36,強化液消火器（３型）,東京都台東区小島2-18-20,139.7849101,35.70654255,
区-52-37,強化液消火器（３型）,東京都台東区元浅草1-9-11,139.7849422,35.70775097,
区-52-38,強化液消火器（３型）,東京都台東区元浅草1-14-1,139.7849389,35.70844163,
区-52-39,強化液消火器（３型）,東京都台東区元浅草2-1-16,139.7849663,35.70966296,
区-52-40,強化液消火器（３型）,東京都台東区元浅草2-9-10,139.7849941,35.71033777,
区-52-41,強化液消火器（３型）,東京都台東区東上野6-5-14,139.7850161,35.71198833,
区-52-42,強化液消火器（３型）,東京都台東区東上野6-13-13,139.7850985,35.71276781,
区-52-43,強化液消火器（３型）,東京都台東区東上野6-15-1,139.7851694,35.71344254,
区-52-44,強化液消火器（３型）,東京都台東区東上野6-19-1,139.785269,35.71432902,
区-52-45,強化液消火器（３型）,東京都台東区北上野2-1-9,139.7853702,35.71594868,
区-52-46,強化液消火器（３型）,東京都台東区北上野2-12-11,139.7853863,35.7165718,
区-52-47,強化液消火器（３型）,東京都台東区北上野2-25-11,139.7856327,35.7183675,
区-52-48,強化液消火器（３型）,東京都台東区北上野2-32-11,139.7858,35.71909658,
区-52-49,強化液消火器（３型）,東京都台東区入谷1-15-10,139.7860088,35.7200936,
区-53-1,強化液消火器（３型）,東京都台東区北上野2-17-3,139.7833204,35.7174978,
区-53-2,強化液消火器（３型）,東京都台東区北上野2-8-7,139.783166,35.71705042,
区-53-3,強化液消火器（３型）,東京都台東区東上野6-23-5,139.7830689,35.7154545,
区-53-4,強化液消火器（３型）,東京都台東区東上野6-17-8,139.7830977,35.7143424,
区-53-5,強化液消火器（３型）,東京都台東区東上野6-9-3,139.78314,35.71235251,
区-53-6,強化液消火器（３型）,東京都台東区元浅草2-11-5,139.7830452,35.71101426,
区-53-7,強化液消火器（３型）,東京都台東区元浅草2-6-6,139.78265,35.70975999,
区-53-8,強化液消火器（３型）,東京都台東区元浅草1-6-10,139.7821298,35.70749004,
区-53-9,強化液消火器（３型）,東京都台東区小島2-4-7,139.7818266,35.70562569,
区-53-10,強化液消火器（３型）,東京都台東区小島1-5-3,139.78147,35.70399397,
区-53-11,強化液消火器（３型）,東京都台東区鳥越1-9-4,139.7812104,35.70294925,
区-53-12,強化液消火器（３型）,東京都台東区浅草橋5-10-2,139.7806637,35.70019677,
区-53-13,強化液消火器（３型）,東京都台東区浅草橋5-4-4,139.7805467,35.69944605,
区-53-14,強化液消火器（３型）,東京都台東区浅草橋4-16-5,139.7804627,35.69899515,
区-53-15,強化液消火器（３型）,東京都台東区台東1-1-14,139.7805,35.70056085,
区-53-16,強化液消火器（３型）,東京都台東区台東1-18-1,139.7806972,35.70154151,
区-53-17,強化液消火器（３型）,東京都台東区台東2-18-1,139.7810535,35.70309024,
区-53-18,強化液消火器（３型）,東京都台東区台東2-19-9,139.7811291,35.70360207,
区-53-19,強化液消火器（３型）,東京都台東区台東3-1-7,139.7812679,35.70418942,
区-53-20,強化液消火器（３型）,東京都台東区台東3-29-9,139.7815394,35.70524699,
区-53-21,強化液消火器（３型）,東京都台東区台東4-23-11,139.7816954,35.70616221,
区-53-22,強化液消火器（３型）,東京都台東区東上野1-1-10,139.781913,35.70757308,
区-53-23,強化液消火器（３型）,東京都台東区東上野2-1-13,139.7821534,35.70898568,
区-53-24,強化液消火器（３型）,東京都台東区東上野3-32-16,139.7826191,35.71038776,
区-53-25,強化液消火器（３型）,東京都台東区東上野5-5-21,139.7829368,35.71245419,
区-53-26,強化液消火器（３型）,東京都台東区東上野5-17-9,139.78289,35.71377987,
区-53-27,強化液消火器（３型）,東京都台東区東上野5-24-9,139.7828488,35.71558584,
区-53-28,強化液消火器（３型）,東京都台東区北上野1-1-11,139.7827572,35.71646605,
区-53-29,強化液消火器（３型）,東京都台東区北上野1-10-12,139.7832169,35.71782544,
区-53-30,強化液消火器（３型）,東京都台東区北上野1-14-7,139.7833873,35.71832112,
区-55-1,強化液消火器（３型）,東京都台東区秋葉原6-7,139.7755484,35.7023834,
区-55-3,強化液消火器（３型）,東京都台東区上野5-3,139.7745994,35.70285229,
区-56-1,強化液消火器（３型）,東京都台東区千束1-18-6,139.7912938,35.71956392,
区-56-2,強化液消火器（３型）,東京都台東区千束1-10-13,139.7903026,35.71912056,
区-56-3,強化液消火器（３型）,東京都台東区千束1-9-9,139.7894878,35.71846108,
区-56-4,強化液消火器（３型）,東京都台東区西浅草3-25-15,139.7893578,35.71760298,
区-56-5,強化液消火器（３型）,東京都台東区西浅草3-24-9,139.7892425,35.71661314,
区-56-6,強化液消火器（３型）,東京都台東区西浅草3-24-3,139.7891547,35.71577954,
区-56-7,強化液消火器（３型）,東京都台東区西浅草3-7-6,139.7890444,35.71479946,
区-56-8,強化液消火器（３型）,東京都台東区西浅草2-21-6,139.7889717,35.71410639,
区-56-9,強化液消火器（３型）,東京都台東区西浅草2-6-6,139.7887587,35.71307826,
区-56-10,強化液消火器（３型）,東京都台東区西浅草1-5-17,139.7885742,35.71223122,
区-56-11,強化液消火器（３型）,東京都台東区西浅草1-5-11,139.7884258,35.71122898,
区-56-12,強化液消火器（３型）,東京都台東区寿2-6-8,139.7882789,35.70911537,
区-56-13,強化液消火器（３型）,東京都台東区寿1-21-6,139.7882229,35.70831047,
区-56-14,強化液消火器（３型）,東京都台東区寿1-12-5,139.7881812,35.70750425,
区-56-15,強化液消火器（３型）,東京都台東区寿1-11-5,139.7881432,35.70655345,
区-56-16,強化液消火器（３型）,東京都台東区蔵前4-37-4,139.7881348,35.70572022,
区-56-17,強化液消火器（３型）,東京都台東区蔵前4-25-3,139.7881199,35.70484144,
区-56-18,強化液消火器（３型）,東京都台東区蔵前4-17-7,139.7880871,35.70405291,
区-56-19,強化液消火器（３型）,東京都台東区蔵前4-11-6,139.7880602,35.70309366,
区-56-20,強化液消火器（３型）,東京都台東区鳥越2-14-12,139.7878794,35.70239627,
区-56-21,強化液消火器（３型）,東京都台東区三筋1-1-18,139.7878619,35.70331479,
区-56-22,強化液消火器（３型）,東京都台東区三筋1-17-11,139.7878856,35.70427032,
区-56-23,強化液消火器（３型）,東京都台東区三筋2-1-7,139.7879076,35.70513396,
区-56-24,強化液消火器（３型）,東京都台東区三筋2-15-15,139.7879423,35.70603264,
区-56-25,強化液消火器（３型）,東京都台東区元浅草3-12-12,139.7879561,35.70706434,
区-56-26,強化液消火器（３型）,東京都台東区元浅草3-13-11,139.7879937,35.70783657,
区-56-27,強化液消火器（３型）,東京都台東区元浅草4-1-18,139.7880464,35.70878026,
区-56-28,強化液消火器（３型）,東京都台東区元浅草4-1-12,139.7881041,35.70962837,
区-56-29,強化液消火器（３型）,東京都台東区松が谷1-1-12,139.7881975,35.71081262,
区-56-30,強化液消火器（３型）,東京都台東区松が谷1-10-10,139.788294,35.71180206,
区-56-31,強化液消火器（３型）,東京都台東区松が谷2-1-12,139.7885075,35.71282009,
区-56-32,強化液消火器（３型）,東京都台東区松が谷2-13-12,139.7886832,35.71361869,
区-56-33,強化液消火器（３型）,東京都台東区松が谷3-1-1,139.788824,35.71458665,
区-56-34,強化液消火器（３型）,東京都台東区松が谷3-2-11,139.788933,35.71559395,
区-56-35,強化液消火器（３型）,東京都台東区松が谷3-18-13,139.7890151,35.71634726,
区-56-36,強化液消火器（３型）,東京都台東区松が谷4-1-12,139.7890936,35.71705424,
区-56-37,強化液消火器（３型）,東京都台東区松が谷4-25-10,139.7891883,35.71793008,
区-56-38,強化液消火器（３型）,東京都台東区入谷2-6-10,139.7893851,35.71908494,
区-56-39,強化液消火器（３型）,東京都台東区千束2-1-2,139.790843,35.71931011,
区-56-40,強化液消火器（３型）,東京都台東区千束2-9-6,139.7911207,35.72026364,
区-59-1,強化液消火器（３型）,東京都台東区雷門2-18-4,139.7963473,35.71034413,
区-59-2,強化液消火器（３型）,東京都台東区雷門2-11-9,139.7960165,35.70971879,
区-60-1,強化液消火器（３型）,東京都台東区日本堤2-38-2,139.7946964,35.72777295,
区-60-2,強化液消火器（３型）,東京都台東区日本堤2-17-3,139.7954406,35.72684373,
区-60-3,強化液消火器（３型）,東京都台東区日本堤1-32-5,139.7965085,35.7256494,
区-60-4,強化液消火器（３型）,東京都台東区日本堤1-8-4,139.7971062,35.72495411,
区-60-5,強化液消火器（３型）,東京都台東区東浅草2-28-3,139.7980818,35.72382829,
区-60-6,強化液消火器（３型）,東京都台東区東浅草2-7-2,139.7987031,35.72312503,
区-60-7,強化液消火器（３型）,東京都台東区東浅草1-14-3,139.7991491,35.72240733,
区-60-8,強化液消火器（３型）,東京都台東区東浅草1-13-4,139.7995523,35.72183247,
区-60-9,強化液消火器（３型）,東京都台東区東浅草1-4-2,139.800253,35.72094264,
区-60-10,強化液消火器（３型）,東京都台東区浅草6-47-5,139.8001037,35.72033889,
区-60-11,強化液消火器（３型）,東京都台東区浅草6-41-4,139.7999019,35.71974771,
区-60-12,強化液消火器（３型）,東京都台東区浅草6-30-8,139.7995481,35.71867949,
区-60-13,強化液消火器（３型）,東京都台東区浅草6-29-4,139.7992484,35.71762558,
区-60-14,強化液消火器（３型）,東京都台東区浅草6-12-3,139.7989859,35.71671189,
区-60-15,強化液消火器（３型）,東京都台東区花川戸2-21-4,139.7986754,35.71560256,
区-60-16,強化液消火器（３型）,東京都台東区花川戸2-6-5,139.798389,35.71449849,
区-60-17,強化液消火器（３型）,東京都台東区花川戸1-7-7,139.7981004,35.71335665,
区-60-18,強化液消火器（３型）,東京都台東区花川戸1-6-4,139.7979231,35.71248138,
区-60-19,強化液消火器（３型）,東京都台東区浅草1-1-1,139.7975752,35.71085633,
区-60-20,強化液消火器（３型）,東京都台東区浅草1-33-10,139.7976762,35.71180952,
区-60-21,強化液消火器（３型）,東京都台東区浅草1-35-9,139.7977226,35.71257955,
区-60-22,強化液消火器（３型）,東京都台東区浅草2-35-13,139.797986,35.7137386,
区-60-23,強化液消火器（３型）,東京都台東区浅草2-34-10,139.7982374,35.71471794,
区-60-24,強化液消火器（３型）,東京都台東区浅草3-1-7,139.798606,35.71610016,
区-60-25,強化液消火器（３型）,東京都台東区浅草3-28-10,139.7988324,35.71690646,
区-60-26,強化液消火器（３型）,東京都台東区浅草4-49-14,139.7992037,35.7182207,
区-60-27,強化液消火器（３型）,東京都台東区浅草5-1-10,139.7995948,35.71950011,
区-60-28,強化液消火器（３型）,東京都台東区浅草5-70-11,139.8000027,35.7206949,
区-60-29,強化液消火器（３型）,東京都台東区浅草5-72-11,139.7989356,35.72237208,
区-60-30,強化液消火器（３型）,東京都台東区浅草5-73-1,139.7985639,35.7229795,
区-60-31,強化液消火器（３型）,東京都台東区千束4-7-8,139.7975996,35.72406347,
区-60-32,強化液消火器（３型）,東京都台東区千束4-36-11,139.7970793,35.72467406,
区-60-33,強化液消火器（３型）,東京都台東区千束4-38-11,139.7964199,35.72543878,
区-60-34,強化液消火器（３型）,東京都台東区千束4-51-12,139.796183,35.72570991,
区-60-35,強化液消火器（３型）,東京都台東区竜泉3-31-13,139.7952715,35.72673957,
区-60-36,強化液消火器（３型）,東京都台東区三ﾉ輪1-1-12,139.794459,35.72769312,
区-63-1,強化液消火器（３型）,東京都台東区上野桜木1-14-65,139.7745208,35.72008071,
区-63-2,強化液消火器（３型）,東京都台東区上野桜木1-14-14,139.7735641,35.72162464,
区-67-1,強化液消火器（３型）,東京都台東区下谷3-20-3,139.7887122,35.72720473,
区-67-2,強化液消火器（３型）,東京都台東区下谷3-14-3,139.787108,35.72581825,
区-67-3,強化液消火器（３型）,東京都台東区下谷3-7-4,139.7859703,35.72489278,
区-67-4,強化液消火器（３型）,東京都台東区下谷3-3-3,139.7843738,35.72366025,
区-67-5,強化液消火器（３型）,東京都台東区下谷2-12-4,139.7831026,35.72248864,
区-67-6,強化液消火器（３型）,東京都台東区下谷2-4-3,139.7815858,35.72077444,
区-67-7,強化液消火器（３型）,東京都台東区下谷1-13-7,139.7813457,35.72047387,
区-67-8,強化液消火器（３型）,東京都台東区下谷1-6-6,139.7808803,35.71953325,
区-67-9,強化液消火器（３型）,東京都台東区下谷1-5-11,139.7807667,35.71844096,
区-67-10,強化液消火器（３型）,東京都台東区下谷1-5-5,139.7808162,35.71779774,
区-67-11,強化液消火器（３型）,東京都台東区上野7-14-2,139.780205,35.71646411,
区-67-12,強化液消火器（３型）,東京都台東区上野7-15,139.7806848,35.71729982,
区-67-13,強化液消火器（３型）,東京都台東区根岸1-1-36,139.7804672,35.71915655,
区-67-14,強化液消火器（３型）,東京都台東区根岸1-1-30,139.7809161,35.72006107,
区-67-15,強化液消火器（３型）,東京都台東区根岸3-2-12,139.7823923,35.72192801,
区-67-16,強化液消火器（３型）,東京都台東区根岸3-15-12,139.7831201,35.7227136,
区-67-17,強化液消火器（３型）,東京都台東区根岸3-18-1,139.7839268,35.72347891,
区-67-18,強化液消火器（３型）,東京都台東区根岸4-17-13,139.7852629,35.72452317,
区-67-19,強化液消火器（３型）,東京都台東区根岸5-1-13,139.7863687,35.72539432,
区-67-20,強化液消火器（３型）,東京都台東区根岸5-12-10,139.7875227,35.72634447,
区-67-21,強化液消火器（３型）,東京都台東区根岸5-13-12,139.7884024,35.72711854,
区-68-1,強化液消火器（３型）,東京都台東区今戸2-29-8,139.8065419,35.72256546,
区-68-2,強化液消火器（３型）,東京都台東区今戸2-32-12,139.8054918,35.72267924,
区-68-3,強化液消火器（３型）,東京都台東区今戸2-34-8,139.8041131,35.72279803,
区-68-4,強化液消火器（３型）,東京都台東区今戸2-36-9,139.8032388,35.72281456,
区-68-5,強化液消火器（３型）,東京都台東区今戸2-38-7,139.8021428,35.72283759,
区-68-6,強化液消火器（３型）,東京都台東区東浅草1-20-8,139.8007092,35.72287142,
区-68-7,強化液消火器（３型）,東京都台東区東浅草1-15-9,139.7995869,35.72289465,
区-68-8,強化液消火器（３型）,東京都台東区浅草5-72-8,139.7986511,35.72270226,
区-68-9,強化液消火器（３型）,東京都台東区浅草5-64-4,139.7976626,35.72208951,
区-68-10,強化液消火器（３型）,東京都台東区浅草5-37-7,139.7967457,35.72139138,
区-68-11,強化液消火器（３型）,東京都台東区浅草5-29-4,139.7959835,35.72072023,
区-68-12,強化液消火器（３型）,東京都台東区浅草4-36-5,139.7952884,35.71965504,
区-68-13,強化液消火器（３型）,東京都台東区浅草4-19-5,139.7949635,35.71883074,
区-68-14,強化液消火器（３型）,東京都台東区浅草3-38-3,139.7945295,35.7177426,
区-68-15,強化液消火器（３型）,東京都台東区浅草3-16-1,139.7942877,35.71748961,
区-68-16,強化液消火器（３型）,東京都台東区浅草4-21-10,139.7946316,35.71834142,
区-68-17,強化液消火器（３型）,東京都台東区浅草4-34-10,139.7950507,35.71940051,
区-68-18,強化液消火器（３型）,東京都台東区浅草5-17-9,139.7955369,35.72033188,
区-68-19,強化液消火器（３型）,東京都台東区浅草5-36-9,139.7966353,35.72145187,
区-68-20,強化液消火器（３型）,東京都台東区浅草5-56-9,139.7971292,35.72185552,
区-68-21,強化液消火器（３型）,東京都台東区浅草5-73-1,139.7984,35.72268992,
区-68-22,強化液消火器（３型）,東京都台東区東浅草2-5-2,139.7992995,35.72301063,
区-68-23,強化液消火器（３型）,東京都台東区東浅草2-3-2,139.8003871,35.7229889,
区-68-24,強化液消火器（３型）,東京都台東区清川1-5-2,139.8021021,35.72295274,
区-68-25,強化液消火器（３型）,東京都台東区清川1-2-3,139.8035789,35.72292289,
区-68-26,強化液消火器（３型）,東京都台東区橋場1-7-2,139.8046722,35.72288536,
区-68-27,強化液消火器（３型）,東京都台東区橋場1-6-1,139.8057583,35.72276614,
区-68-28,強化液消火器（３型）,東京都台東区橋場1-2-2,139.8063624,35.7226964,
区-69-1,強化液消火器（３型）,東京都台東区橋場1-35-9,139.8076579,35.72573594,
区-69-2,強化液消火器（３型）,東京都台東区橋場1-32-5,139.8055299,35.72611641,
区-69-3,強化液消火器（３型）,東京都台東区清川1-29-5,139.804363,35.72622793,
区-69-4,強化液消火器（３型）,東京都台東区清川1-33-6,139.8022936,35.72618357,
区-69-5,強化液消火器（３型）,東京都台東区清川1-35-9,139.8015331,35.72616726,
区-69-6,強化液消火器（３型）,東京都台東区東浅草2-18-7,139.8004716,35.72593147,
区-69-7,強化液消火器（３型）,東京都台東区東浅草2-23-10,139.7997661,35.7255624,
区-69-8,強化液消火器（３型）,東京都台東区東浅草2-25-8,139.7988309,35.72507523,
区-69-9,強化液消火器（３型）,東京都台東区東浅草2-27-12,139.7977188,35.72463634,
区-69-10,強化液消火器（３型）,東京都台東区千束4-11-16,139.7964374,35.72423159,
区-69-11,強化液消火器（３型）,東京都台東区千束4-15-6,139.795824,35.72401624,
区-69-12,強化液消火器（３型）,東京都台東区千束4-23-8,139.7951809,35.72364156,
区-69-13,強化液消火器（３型）,東京都台東区千束4-28-11,139.794252,35.72309373,
区-69-14,強化液消火器（３型）,東京都台東区千束3-23-8,139.7931706,35.72247243,
区-69-15,強化液消火器（３型）,東京都台東区千束3-22-3,139.7931023,35.72188232,
区-69-16,強化液消火器（３型）,東京都台東区千束3-3-11,139.7929983,35.72122237,
区-69-17,強化液消火器（３型）,東京都台東区千束3-5-9,139.7931246,35.72064529,
区-69-18,強化液消火器（３型）,東京都台東区浅草4-30-5,139.7932187,35.7196691,
区-69-19,強化液消火器（３型）,東京都台東区浅草4-27-17,139.7929296,35.71916073,
区-69-20,強化液消火器（３型）,東京都台東区浅草4-28-10,139.793123,35.72010377,
区-69-21,強化液消火器（３型）,東京都台東区千束3-13-13,139.7928929,35.72150713,
区-69-22,強化液消火器（３型）,東京都台東区千束3-20-7,139.7931118,35.72219925,
区-69-23,強化液消火器（３型）,東京都台東区千束3-28-1,139.7940215,35.72307652,
区-69-24,強化液消火器（３型）,東京都台東区千束4-33-1,139.7958769,35.72416516,
区-69-25,強化液消火器（３型）,東京都台東区千束4-35-1,139.7967157,35.72429857,
区-69-26,強化液消火器（３型）,東京都台東区日本堤1-8-1,139.7974431,35.72465796,
区-69-27,強化液消火器（３型）,東京都台東区日本堤1-5-3,139.7983605,35.72498162,
区-69-28,強化液消火器（３型）,東京都台東区日本堤1-4-1,139.7991314,35.72535842,
区-69-29,強化液消火器（３型）,東京都台東区日本堤1-3-1,139.7996779,35.72564488,
区-69-30,強化液消火器（３型）,東京都台東区日本堤1-1-3,139.800334,35.72598617,
区-69-31,強化液消火器（３型）,東京都台東区清川2-5-1,139.8010915,35.72626237,
区-69-32,強化液消火器（３型）,東京都台東区清川2-3-5,139.8020065,35.72628667,
区-69-33,強化液消火器（３型）,東京都台東区清川2-2-6,139.803107,35.72630945,
区-69-34,強化液消火器（３型）,東京都台東区清川2-1-1,139.8045963,35.72634077,
区-69-35,強化液消火器（３型）,東京都台東区橋場2-5-3,139.8057861,35.72617953,
区-69-36,強化液消火器（３型）,東京都台東区橋場2-2-2,139.8076031,35.72585488,
区-70-1,強化液消火器（３型）,東京都台東区橋場2-22-5,139.8053486,35.72809985,
区-70-2,強化液消火器（３型）,東京都台東区橋場2-10-7,139.8051461,35.72740264,
区-70-3,強化液消火器（３型）,東京都台東区橋場2-9-5,139.805086,35.72679024,
区-70-4,強化液消火器（３型）,東京都台東区橋場1-31-4,139.805035,35.72610075,
区-70-5,強化液消火器（３型）,東京都台東区橋場1-18-8,139.8049242,35.72495841,
区-70-6,強化液消火器（３型）,東京都台東区橋場1-18-4,139.8047735,35.72437261,
区-70-7,強化液消火器（３型）,東京都台東区橋場1-8-3,139.804627,35.72326742,
区-70-8,強化液消火器（３型）,東京都台東区今戸2-22-5,139.8045054,35.7220555,
区-70-9,強化液消火器（３型）,東京都台東区今戸2-8-5,139.8044118,35.72104691,
区-70-10,強化液消火器（３型）,東京都台東区今戸1-19-8,139.8043571,35.7205263,
区-70-11,強化液消火器（３型）,東京都台東区今戸1-4-7,139.8042393,35.71962769,
区-70-12,強化液消火器（３型）,東京都台東区今戸1-2-8,139.8042705,35.71885133,
区-70-13,強化液消火器（３型）,東京都台東区今戸1-6-18,139.8039153,35.71825033,
区-70-14,強化液消火器（３型）,東京都台東区今戸1-5-20,139.8040369,35.71920661,
区-70-15,強化液消火器（３型）,東京都台東区今戸1-18-16,139.804158,35.72006511,
区-70-16,強化液消火器（３型）,東京都台東区今戸2-9-12,139.8042898,35.72117807,
区-70-17,強化液消火器（３型）,東京都台東区今戸2-34-11,139.8044255,35.72258989,
区-70-18,強化液消火器（３型）,東京都台東区清川1-12-12,139.8045366,35.7237496,
区-70-19,強化液消火器（３型）,東京都台東区清川1-13-13,139.8047289,35.72473507,
区-70-20,強化液消火器（３型）,東京都台東区清川1-27-12,139.8048613,35.7257164,
区-70-21,強化液消火器（３型）,東京都台東区清川2-1-1,139.8049215,35.72638642,
区-70-22,強化液消火器（３型）,東京都台東区清川2-23-2,139.8049722,35.7272556,
区-70-23,強化液消火器（３型）,東京都台東区清川2-24,139.8052232,35.72813861,
区-71-1,強化液消火器（３型）,東京都台東区今戸1-23-7,139.8056834,35.71995539,
区-71-2,強化液消火器（３型）,東京都台東区今戸1-22-7,139.804829,35.72037834,
区-71-3,強化液消火器（３型）,東京都台東区今戸1-17-10,139.8038234,35.7206461,
区-71-4,強化液消火器（３型）,東京都台東区今戸1-12-5,139.8024267,35.72071068,
区-71-5,強化液消火器（３型）,東京都台東区東浅草1-3-7,139.800857,35.72073601,
区-71-6,強化液消火器（３型）,東京都台東区東浅草1-6-1,139.8010625,35.72084849,
区-71-7,強化液消火器（３型）,東京都台東区今戸2-13-1,139.8025783,35.72081286,
区-71-8,強化液消火器（３型）,東京都台東区今戸2-9-3,139.8037124,35.72075807,
区-71-9,強化液消火器（３型）,東京都台東区今戸2-2-2,139.8055715,35.72013531,
区-72-1,強化液消火器（３型）,東京都台東区浅草4-34-7,139.7951116,35.71980179,
区-72-2,強化液消火器（３型）,東京都台東区浅草4-31-7,139.7937267,35.72006912,
区-72-3,強化液消火器（３型）,東京都台東区千束3-11-7,139.7923568,35.72116861,
区-72-4,強化液消火器（３型）,東京都台東区千束3-10-8,139.7914976,35.72126233,
区-72-5,強化液消火器（３型）,東京都台東区千束2-24-4,139.7907711,35.7212525,
区-72-6,強化液消火器（３型）,東京都台東区入谷2-21-5,139.7895875,35.72121795,
区-72-7,強化液消火器（３型）,東京都台東区入谷2-23-15,139.7885477,35.72118795,
区-72-8,強化液消火器（３型）,東京都台東区入谷1-22-8,139.7871679,35.72114567,
区-72-9,強化液消火器（３型）,東京都台東区入谷1-18-7,139.7855228,35.72123901,
区-72-10,強化液消火器（３型）,東京都台東区入谷1-25-1,139.7862004,35.72122653,
区-72-11,強化液消火器（３型）,東京都台東区入谷2-26-1,139.788003,35.72128107,
区-72-12,強化液消火器（３型）,東京都台東区入谷2-28-1,139.7886959,35.72130482,
区-72-13,強化液消火器（３型）,東京都台東区千束2-27-1,139.7901933,35.72134574,
区-72-14,強化液消火器（３型）,東京都台東区千束2-25-2,139.7909336,35.7213667,
区-72-15,強化液消火器（３型）,東京都台東区千束3-13-2,139.7927325,35.72122895,
区-72-16,強化液消火器（３型）,東京都台東区浅草5-11-5,139.7933475,35.72027301,
区-72-17,強化液消火器（３型）,東京都台東区浅草5-10-2,139.7948868,35.71995413,
区-73-1,強化液消火器（３型）,東京都台東区千束2-34-6,139.7904671,35.72271325,
区-73-2,強化液消火器（３型）,東京都台東区千束2-36-5,139.7895181,35.72268866,
区-73-3,強化液消火器（３型）,東京都台東区入谷2-37-8,139.7884157,35.72266171,
区-73-4,強化液消火器（３型）,東京都台東区入谷2-35-5,139.7872887,35.72263234,
区-73-5,強化液消火器（３型）,東京都台東区下谷2-24-11,139.7857591,35.72262628,
区-73-6,強化液消火器（３型）,東京都台東区下谷2-20-10,139.7845583,35.72338142,
区-73-7,強化液消火器（３型）,東京都台東区根岸3-18-19,139.7837997,35.72407836,
区-73-8,強化液消火器（３型）,東京都台東区根岸3-22-12,139.7823865,35.72468325,
区-73-9,強化液消火器（３型）,東京都台東区根岸3-23-8,139.781429,35.72475613,
区-73-10,強化液消火器（３型）,東京都台東区根岸4-8-1,139.7818257,35.72481843,
区-73-11,強化液消火器（３型）,東京都台東区根岸4-6-2,139.7827785,35.72467559,
区-73-12,強化液消火器（３型）,東京都台東区根岸4-1-5,139.783718,35.72414583,
区-73-13,強化液消火器（３型）,東京都台東区下谷3-3-1,139.7846248,35.72343961,
区-73-14,強化液消火器（３型）,東京都台東区下谷3-1-5,139.7851866,35.72309141,
区-73-15,強化液消火器（３型）,東京都台東区竜泉1-10-2,139.7866044,35.72269403,
区-73-16,強化液消火器（３型）,東京都台東区竜泉1-7-2,139.7876769,35.72271933,
区-73-17,強化液消火器（３型）,東京都台東区竜泉1-4-2,139.7892962,35.72276931,
区-73-18,強化液消火器（３型）,東京都台東区竜泉1-2-2,139.7902182,35.72278414,
区-74-1,強化液消火器（３型）,東京都台東区竜泉1-34-11,139.7903773,35.72469595,
区-74-2,強化液消火器（３型）,東京都台東区竜泉1-31-4,139.7886453,35.72465754,
区-74-3,強化液消火器（３型）,東京都台東区下谷3-8-1,139.7871915,35.72472576,
区-74-4,強化液消火器（３型）,東京都台東区根岸4-19-7,139.7860729,35.72530847,
区-74-5,強化液消火器（３型）,東京都台東区根岸4-16,139.7854099,35.72586785,
区-74-6,強化液消火器（３型）,東京都台東区根岸4-15-16,139.7849368,35.72627502,
区-74-7,強化液消火器（３型）,東京都台東区根岸4-13-19,139.7841438,35.72695269,
区-74-8,強化液消火器（３型）,東京都台東区根岸5-7-4,139.7839231,35.7272958,
区-74-9,強化液消火器（３型）,東京都台東区根岸5-8-16,139.7843806,35.72690002,
区-74-10,強化液消火器（３型）,東京都台東区根岸5-4-3,139.7852833,35.72613471,
区-74-11,強化液消火器（３型）,東京都台東区根岸5-2-1,139.7858976,35.72561351,
区-74-12,強化液消火器（３型）,東京都台東区下谷3-13-1,139.7863965,35.72520772,
区-74-13,強化液消火器（３型）,東京都台東区竜泉2-6-6,139.7878917,35.72471677,
区-74-14,強化液消火器（３型）,東京都台東区竜泉2-6-1,139.7888571,35.72473817,
区-74-15,強化液消火器（３型）,東京都台東区竜泉2-3-2,139.7900339,35.72476601,
区-78-1,強化液消火器（３型）,東京都台東区雷門2-19-10,139.7971074,35.7106522,
区-78-2,強化液消火器（３型）,東京都台東区雷門2-17-12,139.7960175,35.7108294,
区-78-3,強化液消火器（３型）,東京都台東区雷門2-16-9,139.794737,35.71098213,
区-78-4,強化液消火器（３型）,東京都台東区雷門1-13-8,139.7939982,35.71107999,
区-78-5,強化液消火器（３型）,東京都台東区雷門1-15-10,139.7929717,35.7112188,
区-78-6,強化液消火器（３型）,東京都台東区浅草1-10-2,139.7922911,35.71149749,
区-78-7,強化液消火器（３型）,東京都台東区浅草1-7-1,139.7935745,35.71133515,
区-78-8,強化液消火器（３型）,東京都台東区浅草1-4-2,139.7952811,35.71111949,
区-78-9,強化液消火器（３型）,東京都台東区浅草1-2-1,139.7968449,35.71092013,
区-80-1,強化液消火器（３型）,東京都台東区上野7-11-3,139.7796932,35.71586587,
区-80-2,強化液消火器（３型）,東京都台東区上野7-10-3,139.7790607,35.71514498,
区-80-3,強化液消火器（３型）,東京都台東区上野7-7-4,139.7780981,35.71375964,
区-80-4,強化液消火器（３型）,東京都台東区上野7-2-7,139.7776401,35.71306692,
区-80-5,強化液消火器（３型）,東京都台東区上野7-2-2,139.7772584,35.71251377,
区-80-6,強化液消火器（３型）,東京都台東区上野7-1,139.7772411,35.71267202,
区-80-7,強化液消火器（３型）,東京都台東区上野7-2,139.7777673,35.7134913,
区-80-8,強化液消火器（３型）,東京都台東区上野7-3,139.7783129,35.71429886,
区-80-9,強化液消火器（３型）,東京都台東区上野7-4,139.7788115,35.71501236,
区-80-10,強化液消火器（３型）,東京都台東区上野7-15,139.7792205,35.71558134,
区-80-11,強化液消火器（３型）,東京都台東区上野7-15,139.779753,35.71618179,
下-167-1,強化液消火器（３型）,東京都台東区東上野4-4-9,139.7792894,35.71276867,
下-170-1,強化液消火器（３型）,東京都台東区東上野4-2-4,139.7796909,35.71229861,
下-175-1,強化液消火器（３型）,東京都台東区東上野4-13-7,139.7806045,35.71422291,
下-175-2,強化液消火器（３型）,東京都台東区東上野5-18-3,139.7825304,35.71409396,
下-336-1,強化液消火器（３型）,東京都台東区下谷3-19-6,139.7887222,35.72695512,
下-442-1,強化液消火器（３型）,東京都台東区谷中7-3,139.7702338,35.72298212,
浅-235-1,強化液消火器（３型）,東京都台東区浅草4-45-5,139.7972302,35.71924138,
浅-235-2,強化液消火器（３型）,東京都台東区浅草3-33-5,139.7965585,35.71734434,
浅-235-3,強化液消火器（３型）,東京都台東区浅草3-21-1,139.7962843,35.71683475,
浅-235-4,強化液消火器（３型）,東京都台東区浅草4-43-10,139.7969153,35.71861942,
浅-316-1,強化液消火器（３型）,東京都台東区浅草1-35-5,139.7971703,35.71252478,
浅-316-2,強化液消火器（３型）,東京都台東区浅草1-32-11,139.7971248,35.71228273,
浅-413-1,強化液消火器（３型）,東京都台東区駒形1-4-10,139.7948764,35.70739106,
浅-413-2,強化液消火器（３型）,東京都台東区寿3-16-10,139.7930236,35.70794123,
浅-413-3,強化液消火器（３型）,東京都台東区寿3-19-9,139.7913673,35.70834818,
浅-413-4,強化液消火器（３型）,東京都台東区寿4-5-2,139.7923148,35.7082513,
浅-413-5,強化液消火器（３型）,東京都台東区寿4-1-2,139.7936332,35.70785302,
浅-420-3,強化液消火器（３型）,東京都台東区寿2-6-2,139.7887035,35.70864087,
浅-420-4,強化液消火器（３型）,東京都台東区寿2-3-3,139.7898849,35.70848716,
浅-421-2,強化液消火器（３型）,東京都台東区元浅草3-12-12,139.7877151,35.70736572,
浅-421-3,強化液消火器（３型）,東京都台東区元浅草3-8-4,139.7856918,35.70742924,
浅-421-4,強化液消火器（３型）,東京都台東区元浅草3-16-3,139.7866063,35.70751247,
浅-421-5,強化液消火器（３型）,東京都台東区元浅草3-14-2,139.7873355,35.70745796,
浅-421-6,強化液消火器（３型）,東京都台東区寿1-12-1,139.7887522,35.70744209,
浅-459-1,強化液消火器（３型）,東京都台東区蔵前2-15-6,139.7939344,35.704288,
浅-459-2,強化液消火器（３型）,東京都台東区蔵前2-10-9,139.7934438,35.70366891,
浅-459-3,強化液消火器（３型）,東京都台東区蔵前2-9-8,139.7925407,35.70295144,
浅-459-4,強化液消火器（３型）,東京都台東区蔵前2-8-1,139.7923629,35.70291459,
浅-459-5,強化液消火器（３型）,東京都台東区蔵前2-11-10,139.7929599,35.703415,
浅-459-6,強化液消火器（３型）,東京都台東区蔵前2-16-11,139.793632,35.70411239,
浅-459-7,強化液消火器（３型）,東京都台東区蔵前2-18-11,139.7940461,35.70468589,
千台-3-1,強化液消火器（３型）,東京都台東区台東1-9-1,139.7760872,35.700604,
千台-3-2,強化液消火器（３型）,東京都台東区台東1-5-1,139.7775978,35.70049103,
千台-3-3,強化液消火器（３型）,東京都台東区台東1-4-2,139.7788299,35.70040235,
千台-3-4,強化液消火器（３型）,東京都台東区台東1-1-2,139.7802554,35.70026182,
千台-5-1,強化液消火器（３型）,東京都台東区上野3-2-2,139.7730933,35.70295461,
台文-1-1,強化液消火器（３型）,東京都台東区上野1-19-10,139.7723187,35.70716089,
台文-1-2,強化液消火器（３型）,東京都台東区上野1-16-20,139.7709763,35.70727561,
台文-3-1,強化液消火器（３型）,東京都台東区池之端1-2-18,139.7681683,35.71015341,
台文-3-2,強化液消火器（３型）,東京都台東区池之端1-2-23,139.7685895,35.70934804,
台文-3-3,強化液消火器（３型）,東京都台東区池之端1-2-2,139.7690182,35.70888361,
台荒-1-1,強化液消火器（３型）,東京都台東区谷中7-21,139.7693651,35.72782579,
台荒-1-2,強化液消火器（３型）,東京都台東区谷中7-18-18,139.7687019,35.72765139,
谷中-1,粉末消火器（５０型）,東京都台東区谷中3-24-1,139.7636905,35.73086441,
谷中-2,粉末消火器（５０型）,東京都台東区谷中3-19-14,139.7640156,35.73009612,
谷中-3,粉末消火器（５０型）,東京都台東区谷中3-18-5,139.7644084,35.72924936,
谷中-4,粉末消火器（５０型）,東京都台東区谷中3-14-17,139.7650253,35.72915306,
谷中-5,粉末消火器（５０型）,東京都台東区谷中3-13-18,139.7649654,35.72831621,
谷中-6,粉末消火器（５０型）,東京都台東区谷中3-11-3,139.7659703,35.72728402,
谷中-7,粉末消火器（５０型）,東京都台東区谷中3-9-2,139.7652005,35.72662579,
谷中-8,粉末消火器（５０型）,東京都台東区谷中5-6-14,139.7664733,35.72599142,
谷中-9,粉末消火器（５０型）,東京都台東区谷中3-6-5,139.7655328,35.72567821,
谷中-10,粉末消火器（５０型）,東京都台東区谷中3-6-5,139.7654869,35.72569377,
谷中-11,粉末消火器（５０型）,東京都台東区谷中5-7-4,139.7666585,35.72613473,
谷中-12,粉末消火器（５０型）,東京都台東区谷中5-9-16,139.7676449,35.72679337,
谷中-13,粉末消火器（５０型）,東京都台東区谷中5-9-26,139.7679037,35.72649684,
谷中-14,粉末消火器（５０型）,東京都台東区谷中5-9-17,139.7679579,35.72707744,
谷中-15,粉末消火器（５０型）,東京都台東区谷中5-9-22,139.7680751,35.72692493,
谷中-16,粉末消火器（５０型）,東京都台東区谷中5-10-10,139.7669763,35.72682192,
谷中-17,粉末消火器（５０型）,東京都台東区谷中5-11-2,139.7678574,35.72724662,
谷中-18,粉末消火器（５０型）,東京都台東区谷中7-18-13,139.7685969,35.72727903,
谷中-20,粉末消火器（５０型）,東京都台東区谷中7-18-6,139.7684676,35.72639755,
谷中-21,粉末消火器（５０型）,東京都台東区谷中3-2-24,139.7648517,35.7247704,
谷中-22,粉末消火器（５０型）,東京都台東区谷中3-2-22,139.7669885,35.72566485,
谷中-23,粉末消火器（５０型）,東京都台東区谷中3-2-21,139.7650436,35.72514275,
谷中-24,粉末消火器（５０型）,東京都台東区谷中3-1-2,139.7653149,35.72467259,
谷中-25,粉末消火器（５０型）,東京都台東区谷中4-3-22,139.7669821,35.72289088,
谷中-26,粉末消火器（５０型）,東京都台東区谷中7-10-12,139.7718389,35.72606142,
谷中-27,粉末消火器（５０型）,東京都台東区谷中7-14-8,139.7710814,35.72695334,
谷中-28,粉末消火器（５０型）,東京都台東区谷中1-6-7,139.7687445,35.72098356,
谷中-29,粉末消火器（５０型）,東京都台東区谷中4-3-5,139.7667093,35.72168778,
谷中-30,粉末消火器（５０型）,東京都台東区谷中1-7-22,139.7665241,35.72028995,
谷中-31,粉末消火器（５０型）,東京都台東区谷中1-4-4,139.766857,35.71951345,
谷中-32,粉末消火器（５０型）,東京都台東区谷中1-7-8,139.7677127,35.72038365,
谷中-33,粉末消火器（５０型）,東京都台東区上野桜木2-9-3,139.7723406,35.72173,
谷中-34,粉末消火器（５０型）,東京都台東区谷中7-17-6,139.7688257,35.72549236,
谷中-35,粉末消火器（５０型）,東京都台東区谷中7-17-6,139.7688224,35.72536024,
谷中-36,粉末消火器（５０型）,東京都台東区谷中3-1-14,139.7655564,35.72500103,
谷中-37,粉末消火器（５０型）,東京都台東区上野桜木1-9-1,139.7709391,35.7204485,
谷中-38,粉末消火器（５０型）,東京都台東区上野桜木2-7-7,139.7718591,35.7219926,
根岸-2,粉末消火器（５０型）,東京都台東区根岸1-7-11,139.7779129,35.72251087,
根岸-3,粉末消火器（５０型）,東京都台東区根岸1-5-17,139.7792851,35.72211903,
根岸-4,粉末消火器（５０型）,東京都台東区根岸1-3-21,139.7796355,35.72120746,
根岸-6,粉末消火器（５０型）,東京都台東区根岸2-5-16,139.7762496,35.72416742,
根岸-8,粉末消火器（５０型）,東京都台東区根岸2-21-12,139.7742985,35.72638055,
根岸-9,粉末消火器（５０型）,東京都台東区根岸2-9-4,139.7752571,35.72499045,
根岸-10,粉末消火器（５０型）,東京都台東区根岸3-11-4,139.7800668,35.72384543,
根岸-11,粉末消火器（５０型）,東京都台東区根岸3-12,139.7812932,35.72367131,
根岸-12,粉末消火器（５０型）,東京都台東区根岸3-16-5,139.7829984,35.7232428,
根岸-13,粉末消火器（５０型）,東京都台東区根岸3-22-14,139.7822667,35.72434619,
根岸-14,粉末消火器（５０型）,東京都台東区根岸4-6-13,139.7827057,35.72529507,
根岸-15,粉末消火器（５０型）,東京都台東区根岸4-3-6,139.7841797,35.72501918,
根岸-17,粉末消火器（５０型）,東京都台東区根岸3-12-22,139.7805703,35.72369501,
根岸-18,粉末消火器（５０型）,東京都台東区根岸3-19-4,139.7828873,35.72416462,
根岸-19,粉末消火器（５０型）,東京都台東区根岸4-9-2,139.7822411,35.72523535,
根岸-20,粉末消火器（５０型）,東京都台東区根岸1-8-18,139.777628,35.72275974,
根岸-23,粉末消火器（５０型）,東京都台東区根岸3-6-23,139.7801502,35.72267194,
根岸-24,粉末消火器（５０型）,東京都台東区根岸2-4-1,139.7763476,35.72375363,
根岸-25,粉末消火器（５０型）,東京都台東区根岸2-8-6,139.7746672,35.72542805,
根岸-26,粉末消火器（５０型）,東京都台東区根岸2-18-11,139.7770568,35.72516822,
根岸-27,粉末消火器（５０型）,東京都台東区根岸3-7-13,139.7801674,35.7231022,
根岸-29,粉末消火器（５０型）,東京都台東区根岸4-4-10,139.783719,35.72494792,
根岸-31,粉末消火器（５０型）,東京都台東区根岸4-11-11,139.7826832,35.72639137,
根岸-32,粉末消火器（５０型）,東京都台東区根岸4-16-17,139.7846381,35.72597488,
根岸-33,粉末消火器（５０型）,東京都台東区根岸5-7-4,139.784414,35.7272029,
根岸-34,粉末消火器（５０型）,東京都台東区根岸5-8-9,139.7851763,35.72713668,
根岸-35,粉末消火器（５０型）,東京都台東区根岸5-5-2,139.7854567,35.72691095,
根岸-36,粉末消火器（５０型）,東京都台東区根岸5-10-17,139.7872533,35.72729984,
根岸-37,粉末消火器（５０型）,東京都台東区根岸5-4-17,139.7858935,35.72610327,
根岸-38,粉末消火器（５０型）,東京都台東区根岸5-13,139.7878356,35.7269841,
清川-1,粉末消火器（５０型）,東京都台東区東浅草1-13-2,139.7996975,35.72167403,
清川-2,粉末消火器（５０型）,東京都台東区千束4-3-3,139.7973364,35.72300674,
清川-3,粉末消火器（５０型）,東京都台東区日本堤1-32-10,139.7969889,35.7257608,
清川-4,粉末消火器（５０型）,東京都台東区日本堤2-25-4,139.7971166,35.72787697,
清川-5,粉末消火器（５０型）,東京都台東区日本堤2-23-13,139.79679,35.72808641,
清川-6,粉末消火器（５０型）,東京都台東区今戸1-17-3,139.803381,35.71983842,
清川-7,粉末消火器（５０型）,東京都台東区今戸2-35-8,139.8038044,35.72279301,
清川-8,粉末消火器（５０型）,東京都台東区今戸2-24-3,139.8061835,35.72136366,
清川-9,粉末消火器（５０型）,東京都台東区橋場1-14-7,139.8071184,35.72366706,
清川-10,粉末消火器（５０型）,東京都台東区橋場1-21-5,139.8065199,35.72473381,
清川-11,粉末消火器（５０型）,東京都台東区橋場2-1-12,139.808444,35.7268575,
清川-12,粉末消火器（５０型）,東京都台東区橋場2-19-4,139.806848,35.72743384,
清川-13,粉末消火器（５０型）,東京都台東区今戸1-14-4,139.8026744,35.72011857,
清川-14,粉末消火器（５０型）,東京都台東区今戸2-13-6,139.8022631,35.72154382,
清川-16,粉末消火器（５０型）,東京都台東区東浅草2-17-15,139.8011781,35.72489831,
清川-17,粉末消火器（５０型）,東京都台東区清川2-15-14,139.8010019,35.72680087,
清川-18,粉末消火器（５０型）,東京都台東区日本堤2-29-4,139.7990201,35.72858246,
清川-19,粉末消火器（５０型）,東京都台東区清川1-21-13,139.802462,35.72525148,
清川-20,粉末消火器（５０型）,東京都台東区清川2-19-2,139.8018304,35.72757177,
清川-21,粉末消火器（５０型）,東京都台東区清川1-2-11,139.80404,35.72336545,
清川-22,粉末消火器（５０型）,東京都台東区清川1-13-11,139.8047054,35.72499923,
清川-23,粉末消火器（５０型）,東京都台東区橋場2-5-3,139.8057692,35.72634978,
清川-24,粉末消火器（５０型）,東京都台東区東浅草2-12-1,139.8004294,35.72366947,
清川-25,粉末消火器（５０型）,東京都台東区東浅草2-12-13,139.8000794,35.72405672,
清川-26,粉末消火器（５０型）,東京都台東区日本堤1-13-8,139.798262,35.72581522,
清川-27,粉末消火器（５０型）,東京都台東区日本堤2-6-8,139.7980118,35.72733123,
清川-28,粉末消火器（５０型）,東京都台東区清川2-22,139.8040031,35.72751511,
寿-1,粉末消火器（５０型）,東京都台東区寿1-8-3,139.7898425,35.70723777,
,,,,,歩道等に設置されている消火器の位置情報をオープンデータとして提供します。
,,,,,区管理消火器は、緑色の円柱上の収納箱に入った強化液消火器（３型）と赤色の収納箱に入った大型の粉末消火器（５０型）が設置されています。
,,,,,（注１）道路工事等により、一時的な撤去や移設を行う場合があります。
,,,,,（注２）区管理消火器のほか、赤色の収納箱に入った町会管理消火器(粉末消火器１０型・５０型、強化液消火器３型）が配置されています。
